t_ns,t_offset_s,parent_frame,child_frame,x,y,z,qx,qy,qz,qw,camera_x_in_base_x,camera_x_in_base_y,camera_x_in_base_z,camera_y_in_base_x,camera_y_in_base_y,camera_y_in_base_z,camera_z_in_base_x,camera_z_in_base_y,camera_z_in_base_z
1783095545747279610,44.585712669,base_link,zed_0_left_camera_frame,-0.07662808492184744,-0.21767134107788344,1.360521669752696,-0.16434891563147194,-0.0015999966041204212,0.9681616022738978,-0.18881203834518925,-0.8746788962133885,-0.3650752157319556,-0.3188368162198258,0.3661270465595605,-0.9286949083736035,0.05896399696864346,-0.3176284217391484,-0.06516021807215555,0.9459737478832523
1783095545813726311,44.65215937,base_link,zed_0_left_camera_frame,-0.07662808492184744,-0.21767134107788344,1.360521669752696,-0.16434891563147194,-0.0015999966041204212,0.9681616022738978,-0.18881203834518925,-0.8746788962133885,-0.3650752157319556,-0.3188368162198258,0.3661270465595605,-0.9286949083736035,0.05896399696864346,-0.3176284217391484,-0.06516021807215555,0.9459737478832523
1783095545871832817,44.710265876,base_link,zed_0_left_camera_frame,-0.07662808492184744,-0.21767134107788344,1.360521669752696,-0.16434891563147194,-0.0015999966041204212,0.9681616022738978,-0.18881203834518925,-0.8746788962133885,-0.3650752157319556,-0.3188368162198258,0.3661270465595605,-0.9286949083736035,0.05896399696864346,-0.3176284217391484,-0.06516021807215555,0.9459737478832523
1783095545931463661,44.76989672,base_link,zed_0_left_camera_frame,-0.07662808492184744,-0.21767134107788344,1.360521669752696,-0.16434891563147194,-0.0015999966041204212,0.9681616022738978,-0.18881203834518925,-0.8746788962133885,-0.3650752157319556,-0.3188368162198258,0.3661270465595605,-0.9286949083736035,0.05896399696864346,-0.3176284217391484,-0.06516021807215555,0.9459737478832523
1783095545983442810,44.821875869,base_link,zed_0_left_camera_frame,-0.07662808492184744,-0.21767134107788344,1.360521669752696,-0.16434891563147194,-0.0015999966041204212,0.9681616022738978,-0.18881203834518925,-0.8746788962133885,-0.3650752157319556,-0.3188368162198258,0.3661270465595605,-0.9286949083736035,0.05896399696864346,-0.3176284217391484,-0.06516021807215555,0.9459737478832523
1783095546041503628,44.879936687,base_link,zed_0_left_camera_frame,-0.07662808492184744,-0.21767134107788344,1.360521669752696,-0.16434891563147194,-0.0015999966041204212,0.9681616022738978,-0.18881203834518925,-0.8746788962133885,-0.3650752157319556,-0.3188368162198258,0.3661270465595605,-0.9286949083736035,0.05896399696864346,-0.3176284217391484,-0.06516021807215555,0.9459737478832523
1783095546101949695,44.940382754,base_link,zed_0_left_camera_frame,-0.07662808492184744,-0.21767134107788344,1.360521669752696,-0.16434891563147194,-0.0015999966041204212,0.9681616022738978,-0.18881203834518925,-0.8746788962133885,-0.3650752157319556,-0.3188368162198258,0.3661270465595605,-0.9286949083736035,0.05896399696864346,-0.3176284217391484,-0.06516021807215555,0.9459737478832523
1783095546161932696,45.000365755,base_link,zed_0_left_camera_frame,-0.07662808492184744,-0.21767134107788344,1.360521669752696,-0.16434891563147194,-0.0015999966041204212,0.9681616022738978,-0.18881203834518925,-0.8746788962133885,-0.3650752157319556,-0.3188368162198258,0.3661270465595605,-0.9286949083736035,0.05896399696864346,-0.3176284217391484,-0.06516021807215555,0.9459737478832523
1783095546221989357,45.060422416,base_link,zed_0_left_camera_frame,-0.07662808492184744,-0.21767134107788344,1.360521669752696,-0.16434891563147194,-0.0015999966041204212,0.9681616022738978,-0.18881203834518925,-0.8746788962133885,-0.3650752157319556,-0.3188368162198258,0.3661270465595605,-0.9286949083736035,0.05896399696864346,-0.3176284217391484,-0.06516021807215555,0.9459737478832523
1783095546272692651,45.11112571,base_link,zed_0_left_camera_frame,-0.07662808492184744,-0.21767134107788344,1.360521669752696,-0.16434891563147194,-0.0015999966041204212,0.9681616022738978,-0.18881203834518925,-0.8746788962133885,-0.3650752157319556,-0.3188368162198258,0.3661270465595605,-0.9286949083736035,0.05896399696864346,-0.3176284217391484,-0.06516021807215555,0.9459737478832523
1783095546331664658,45.170097717,base_link,zed_0_left_camera_frame,-0.07662808492184744,-0.21767134107788344,1.360521669752696,-0.16434891563147194,-0.0015999966041204212,0.9681616022738978,-0.18881203834518925,-0.8746788962133885,-0.3650752157319556,-0.3188368162198258,0.3661270465595605,-0.9286949083736035,0.05896399696864346,-0.3176284217391484,-0.06516021807215555,0.9459737478832523
1783095546392219915,45.230652974,base_link,zed_0_left_camera_frame,-0.07662808492184744,-0.21767134107788344,1.360521669752696,-0.16434891563147194,-0.0015999966041204212,0.9681616022738978,-0.18881203834518925,-0.8746788962133885,-0.3650752157319556,-0.3188368162198258,0.3661270465595605,-0.9286949083736035,0.05896399696864346,-0.3176284217391484,-0.06516021807215555,0.9459737478832523
1783095546451505240,45.289938299,base_link,zed_0_left_camera_frame,-0.07662808492184744,-0.21767134107788344,1.360521669752696,-0.16434891563147194,-0.0015999966041204212,0.9681616022738978,-0.18881203834518925,-0.8746788962133885,-0.3650752157319556,-0.3188368162198258,0.3661270465595605,-0.9286949083736035,0.05896399696864346,-0.3176284217391484,-0.06516021807215555,0.9459737478832523
1783095546501608649,45.340041708,base_link,zed_0_left_camera_frame,-0.07662808492184744,-0.21767134107788344,1.360521669752696,-0.16434891563147194,-0.0015999966041204212,0.9681616022738978,-0.18881203834518925,-0.8746788962133885,-0.3650752157319556,-0.3188368162198258,0.3661270465595605,-0.9286949083736035,0.05896399696864346,-0.3176284217391484,-0.06516021807215555,0.9459737478832523
1783095546551923685,45.390356744,base_link,zed_0_left_camera_frame,-0.07700787585595878,-0.2175372684888439,1.360521669752696,-0.1643502493112349,-0.001456574649241888,0.9683260030526706,-0.18796708688934236,-0.8753147395953388,-0.3635480590925352,-0.3188368162198258,0.36450561271950854,-0.9293325052732513,0.05896399696864346,-0.3177416638452063,-0.06460575340163643,0.9459737478832523
1783095546611559060,45.449992119,base_link,zed_0_left_camera_frame,-0.07738743221112149,-0.21740253324467768,1.360521669752696,-0.16435145783134503,-0.001313151585120277,0.9684896664103145,-0.18712199228862395,-0.8759479166212957,-0.36201979502454956,-0.3188368162198258,0.3628830685340218,-0.9299672712697014,0.05896399696864346,-0.3178539380566871,-0.06405109193112071,0.9459737478832523
1783095546661961379,45.500394438,base_link,zed_0_left_camera_frame,-0.07738743221112149,-0.21740253324467768,1.360521669752696,-0.16435145783134503,-0.001313151585120277,0.9684896664103145,-0.18712199228862395,-0.8759479166212957,-0.36201979502454956,-0.3188368162198258,0.3628830685340218,-0.9299672712697014,0.05896399696864346,-0.3178539380566871,-0.06405109193112071,0.9459737478832523
1783095546721684800,45.560117859,base_link,zed_0_left_camera_frame,-0.07776675283114312,-0.21726713575581102,1.360521669752696,-0.16435254119088197,-0.0011697275209782692,0.9686525922221931,-0.18627675518660888,-0.8765784253624954,-0.3604904281833477,-0.3188368162198258,0.3612594189456425,-0.9305992044293497,0.05896399696864346,-0.31796524403158455,-0.06349623535020042,0.9459737478832523
1783095546781974512,45.620407571,base_link,zed_0_left_camera_frame,-0.0781458365605491,-0.2171310764346874,1.360521669752696,-0.1643534993890207,-0.0010263025660393913,0.9688147803642314,-0.18543137622698125,-0.8772062638983019,-0.35895996322763896,-0.3188368162198258,0.359634668900281,-0.9312283028272215,0.05896399696864346,-0.3180755814308419,-0.06294118534906226,0.9459737478832523
1783095546841999685,45.680432744,base_link,zed_0_left_camera_frame,-0.078903288729228,-0.2168569739555226,1.360521669752696,-0.16435504029828008,-0.0007394504206682173,0.9691369431452964,-0.18374019531016267,-0.8784539227118682,-0.3558957576242465,-0.3188368162198258,0.35638188723899655,-0.9324779876809174,0.05896399696864346,-0.31829334916096275,-0.06183051184981906,0.9459737478832523
1783095546891941569,45.730374628,base_link,zed_0_left_camera_frame,-0.0792816548611742,-0.21671893163244363,1.360521669752696,-0.1643556230082272,-0.0005960234486859236,0.9692969175389826,-0.18289439464087726,-0.8790737391890493,-0.3543620263106485,-0.3188368162198258,0.3547538655315937,-0.9330985703299916,0.05896399696864346,-0.31840077882846907,-0.06127489173501234,0.9459737478832523
1783095546951707171,45.79014023,base_link,zed_0_left_camera_frame,-0.080037661457449,-0.21644086692179204,1.360521669752696,-0.16435641293653766,-0.00030916825225631,0.9696146517235262,-0.1812023761011183,-0.8803053368438865,-0.35129133001965307,-0.3188368162198258,0.3514945851593919,-0.9343312066206014,0.05896399696864346,-0.31861272813213026,-0.060163093237585355,0.9459737478832523
1783095547001696388,45.840129447,base_link,zed_0_left_camera_frame,-0.080037661457449,-0.21644086692179204,1.360521669752696,-0.16435641293653766,-0.00030916825225631,0.9696146517235262,-0.1812023761011183,-0.8803053368438865,-0.35129133001965307,-0.3188368162198258,0.3514945851593919,-0.9343312066206014,0.05896399696864346,-0.31861272813213026,-0.060163093237585355,0.9459737478832523
1783095547052043831,45.89047689,base_link,zed_0_left_camera_frame,-0.080037661457449,-0.21644086692179204,1.360521669752696,-0.16435641293653766,-0.00030916825225631,0.9696146517235262,-0.1812023761011183,-0.8803053368438865,-0.35129133001965307,-0.3188368162198258,0.3514945851593919,-0.9343312066206014,0.05896399696864346,-0.31861272813213026,-0.060163093237585355,0.9459737478832523
1783095547112273599,45.950706658,base_link,zed_0_left_camera_frame,-0.080037661457449,-0.21644086692179204,1.360521669752696,-0.16435641293653766,-0.00030916825225631,0.9696146517235262,-0.1812023761011183,-0.8803053368438865,-0.35129133001965307,-0.3188368162198258,0.3514945851593919,-0.9343312066206014,0.05896399696864346,-0.31861272813213026,-0.060163093237585355,0.9459737478832523
1783095547171573669,46.010006728,base_link,zed_0_left_camera_frame,-0.080037661457449,-0.21644086692179204,1.360521669752696,-0.16435641293653766,-0.00030916825225631,0.9696146517235262,-0.1812023761011183,-0.8803053368438865,-0.35129133001965307,-0.3188368162198258,0.3514945851593919,-0.9343312066206014,0.05896399696864346,-0.31861272813213026,-0.060163093237585355,0.9459737478832523
1783095547231657552,46.070090611,base_link,zed_0_left_camera_frame,-0.080037661457449,-0.21644086692179204,1.360521669752696,-0.16435641293653766,-0.00030916825225631,0.9696146517235262,-0.1812023761011183,-0.8803053368438865,-0.35129133001965307,-0.3188368162198258,0.3514945851593919,-0.9343312066206014,0.05896399696864346,-0.31861272813213026,-0.060163093237585355,0.9459737478832523
1783095547291425264,46.129858323,base_link,zed_0_left_camera_frame,-0.080037661457449,-0.21644086692179204,1.360521669752696,-0.16435641293653766,-0.00030916825225631,0.9696146517235262,-0.1812023761011183,-0.8803053368438865,-0.35129133001965307,-0.3188368162198258,0.3514945851593919,-0.9343312066206014,0.05896399696864346,-0.31861272813213026,-0.060163093237585355,0.9459737478832523
1783095547341935913,46.180368972,base_link,zed_0_left_camera_frame,-0.080037661457449,-0.21644086692179204,1.360521669752696,-0.16435641293653766,-0.00030916825225631,0.9696146517235262,-0.1812023761011183,-0.8803053368438865,-0.35129133001965307,-0.3188368162198258,0.3514945851593919,-0.9343312066206014,0.05896399696864346,-0.31861272813213026,-0.060163093237585355,0.9459737478832523
1783095547409381568,46.247814627,base_link,zed_0_left_camera_frame,-0.080037661457449,-0.21644086692179204,1.360521669752696,-0.16435641293653766,-0.00030916825225631,0.9696146517235262,-0.1812023761011183,-0.8803053368438865,-0.35129133001965307,-0.3188368162198258,0.3514945851593919,-0.9343312066206014,0.05896399696864346,-0.31861272813213026,-0.060163093237585355,0.9459737478832523
1783095547461923670,46.300356729,base_link,zed_0_left_camera_frame,-0.080037661457449,-0.21644086692179204,1.360521669752696,-0.16435641293653766,-0.00030916825225631,0.9696146517235262,-0.1812023761011183,-0.8803053368438865,-0.35129133001965307,-0.3188368162198258,0.3514945851593919,-0.9343312066206014,0.05896399696864346,-0.31861272813213026,-0.060163093237585355,0.9459737478832523
1783095547512000775,46.350433834,base_link,zed_0_left_camera_frame,-0.080037661457449,-0.21644086692179204,1.360521669752696,-0.16435641293653766,-0.00030916825225631,0.9696146517235262,-0.1812023761011183,-0.8803053368438865,-0.35129133001965307,-0.3188368162198258,0.3514945851593919,-0.9343312066206014,0.05896399696864346,-0.31861272813213026,-0.060163093237585355,0.9459737478832523
1783095547571677511,46.41011057,base_link,zed_0_left_camera_frame,-0.080037661457449,-0.21644086692179204,1.360521669752696,-0.16435641293653766,-0.00030916825225631,0.9696146517235262,-0.1812023761011183,-0.8803053368438865,-0.35129133001965307,-0.3188368162198258,0.3514945851593919,-0.9343312066206014,0.05896399696864346,-0.31861272813213026,-0.060163093237585355,0.9459737478832523
1783095547631814314,46.470247373,base_link,zed_0_left_camera_frame,-0.07965977948785832,-0.2165802291470297,1.360521669752696,-0.16435608055442924,-0.00045259602280657655,0.9694561537721477,-0.18204845468978934,-0.8796908778596915,-0.35282721555068636,-0.3188368162198258,0.3531247631842185,-0.9337163106037997,0.05896399696864346,-0.318507238593623,-0.060719084966574,0.9459737478832523
1783095547691733690,46.530166749,base_link,zed_0_left_camera_frame,-0.078903288729228,-0.2168569739555226,1.360521669752696,-0.16435504029828008,-0.0007394504206682173,0.9691369431452964,-0.18374019531016267,-0.8784539227118682,-0.3558957576242465,-0.3188368162198258,0.35638188723899655,-0.9324779876809174,0.05896399696864346,-0.31829334916096275,-0.06183051184981906,0.9459737478832523
1783095547751271860,46.589704919,base_link,zed_0_left_camera_frame,-0.07852468224458667,-0.21699435569576644,1.360521669752696,-0.16435433242503153,-0.0008828768295277677,0.9689762307129163,-0.18458585605353262,-0.8778314303162136,-0.3574284048194768,-0.3188368162198258,0.35800882334719913,-0.9318545645469768,0.05896399696864346,-0.3181849499183529,-0.06238594361848181,0.9459737478832523
1783095547801598825,46.640031884,base_link,zed_0_left_camera_frame,-0.0781458365605491,-0.2171310764346874,1.360521669752696,-0.1643534993890207,-0.0010263025660393913,0.9688147803642314,-0.18543137622698125,-0.8772062638983019,-0.35895996322763896,-0.3188368162198258,0.359634668900281,-0.9312283028272215,0.05896399696864346,-0.3180755814308419,-0.06294118534906226,0.9459737478832523
1783095547862038386,46.700471445,base_link,zed_0_left_camera_frame,-0.07738743221112149,-0.21740253324467768,1.360521669752696,-0.16435145783134503,-0.001313151585120277,0.9684896664103145,-0.18712199228862395,-0.8759479166212957,-0.36201979502454956,-0.3188368162198258,0.3628830685340218,-0.9299672712697014,0.05896399696864346,-0.3178539380566871,-0.06405109193112071,0.9459737478832523
1783095547922013388,46.760446447,base_link,zed_0_left_camera_frame,-0.07700787585595878,-0.2175372684888439,1.360521669752696,-0.1643502493112349,-0.001456574649241888,0.9683260030526706,-0.18796708688934236,-0.8753147395953388,-0.3635480590925352,-0.3188368162198258,0.36450561271950854,-0.9293325052732513,0.05896399696864346,-0.3177416638452063,-0.06460575340163643,0.9459737478832523
1783095547972258860,46.810691919,base_link,zed_0_left_camera_frame,-0.07662808492184744,-0.21767134107788344,1.360521669752696,-0.16434891563147194,-0.0015999966041204212,0.9681616022738978,-0.18881203834518925,-0.8746788962133885,-0.3650752157319556,-0.3188368162198258,0.3661270465595605,-0.9286949083736035,0.05896399696864346,-0.3176284217391484,-0.06516021807215555,0.9459737478832523
1783095548031413987,46.869847046,base_link,zed_0_left_camera_frame,-0.07662808492184744,-0.21767134107788344,1.360521669752696,-0.16434891563147194,-0.0015999966041204212,0.9681616022738978,-0.18881203834518925,-0.8746788962133885,-0.3650752157319556,-0.3188368162198258,0.3661270465595605,-0.9286949083736035,0.05896399696864346,-0.3176284217391484,-0.06516021807215555,0.9459737478832523
1783095548081290403,46.919723462,base_link,zed_0_left_camera_frame,-0.07624806056569448,-0.21780475060338858,1.360521669752696,-0.1643474567930718,-0.0017434173405340093,0.9679964641991942,-0.1896568460126983,-0.8740403884123301,-0.36660126029083456,-0.3188368162198258,0.36774736511501743,-0.9280544825129848,0.05896399696864346,-0.31751421208346764,-0.0657144842536854,0.9459737478832523
1783095548132133592,46.970566651,base_link,zed_0_left_camera_frame,-0.07624806056569448,-0.21780475060338858,1.360521669752696,-0.1643474567930718,-0.0017434173405340093,0.9679964641991942,-0.1896568460126983,-0.8740403884123301,-0.36660126029083456,-0.3188368162198258,0.36774736511501743,-0.9280544825129848,0.05896399696864346,-0.31751421208346764,-0.0657144842536854,0.9459737478832523
1783095548192025526,47.030458585,base_link,zed_0_left_camera_frame,-0.07586780394511812,-0.21793749665897152,1.360521669752696,-0.16434587279714552,-0.0018868367492617124,0.9678305889543195,-0.190501509248513,-0.8733992181371666,-0.3681261881205838,-0.3188368162198258,0.3693665634501164,-0.9274112296422408,0.05896399696864346,-0.3173990352260661,-0.06626855025783793,0.9459737478832523
1783095548251888545,47.090321604,base_link,zed_0_left_camera_frame,-0.07548731621844412,-0.21806957884026543,1.360521669752696,-0.16434416364489923,-0.002030254721083529,0.9676639766655947,-0.19134602740938614,-0.8727553873410103,-0.3696499945760158,-0.3188368162198258,0.37098463663250614,-0.9267651517208281,0.05896399696864346,-0.3172828915177919,-0.0668224143968346,0.9459737478832523
1783095548311354346,47.149787405,base_link,zed_0_left_camera_frame,-0.07510659854470193,-0.21820099674492574,1.360521669752696,-0.16434232933763457,-0.002173671146780697,0.9674966274599021,-0.19219039985218195,-0.8721088979850778,-0.3711726750153603,-0.3188368162198258,0.3726015797332641,-0.9261162507168083,0.05896399696864346,-0.317165781312438,-0.06737607498351235,0.9459737478832523
1783095548361529472,47.199962531,base_link,zed_0_left_camera_frame,-0.07510659854470193,-0.21820099674492574,1.360521669752696,-0.16434232933763457,-0.002173671146780697,0.9674966274599021,-0.19219039985218195,-0.8721088979850778,-0.3711726750153603,-0.3188368162198258,0.3726015797332641,-0.9261162507168083,0.05896399696864346,-0.317165781312438,-0.06737607498351235,0.9459737478832523
1783095548411905674,47.250338733,base_link,zed_0_left_camera_frame,-0.07510659854470193,-0.21820099674492574,1.360521669752696,-0.16434232933763457,-0.002173671146780697,0.9674966274599021,-0.19219039985218195,-0.8721088979850778,-0.3711726750153603,-0.3188368162198258,0.3726015797332641,-0.9261162507168083,0.05896399696864346,-0.317165781312438,-0.06737607498351235,0.9459737478832523
1783095548461963443,47.300396502,base_link,zed_0_left_camera_frame,-0.07510659854470193,-0.21820099674492574,1.360521669752696,-0.16434232933763457,-0.002173671146780697,0.9674966274599021,-0.19219039985218195,-0.8721088979850778,-0.3711726750153603,-0.3188368162198258,0.3726015797332641,-0.9261162507168083,0.05896399696864346,-0.317165781312438,-0.06737607498351235,0.9459737478832523
1783095548521635955,47.360069014,base_link,zed_0_left_camera_frame,-0.07510659854470193,-0.21820099674492574,1.360521669752696,-0.16434232933763457,-0.002173671146780697,0.9674966274599021,-0.19219039985218195,-0.8721088979850778,-0.3711726750153603,-0.3188368162198258,0.3726015797332641,-0.9261162507168083,0.05896399696864346,-0.317165781312438,-0.06737607498351235,0.9459737478832523
1783095548581617976,47.420051035,base_link,zed_0_left_camera_frame,-0.07510659854470193,-0.21820099674492574,1.360521669752696,-0.16434232933763457,-0.002173671146780697,0.9674966274599021,-0.19219039985218195,-0.8721088979850778,-0.3711726750153603,-0.3188368162198258,0.3726015797332641,-0.9261162507168083,0.05896399696864346,-0.317165781312438,-0.06737607498351235,0.9459737478832523
1783095548633053456,47.471486515,base_link,zed_0_left_camera_frame,-0.07510659854470193,-0.21820099674492574,1.360521669752696,-0.16434232933763457,-0.002173671146780697,0.9674966274599021,-0.19219039985218195,-0.8721088979850778,-0.3711726750153603,-0.3188368162198258,0.3726015797332641,-0.9261162507168083,0.05896399696864346,-0.317165781312438,-0.06737607498351235,0.9459737478832523
1783095548692160120,47.530593179,base_link,zed_0_left_camera_frame,-0.07510659854470193,-0.21820099674492574,1.360521669752696,-0.16434232933763457,-0.002173671146780697,0.9674966274599021,-0.19219039985218195,-0.8721088979850778,-0.3711726750153603,-0.3188368162198258,0.3726015797332641,-0.9261162507168083,0.05896399696864346,-0.317165781312438,-0.06737607498351235,0.9459737478832523
1783095548751638122,47.590071181,base_link,zed_0_left_camera_frame,-0.07510659854470193,-0.21820099674492574,1.360521669752696,-0.16434232933763457,-0.002173671146780697,0.9674966274599021,-0.19219039985218195,-0.8721088979850778,-0.3711726750153603,-0.3188368162198258,0.3726015797332641,-0.9261162507168083,0.05896399696864346,-0.317165781312438,-0.06737607498351235,0.9459737478832523
1783095548802231765,47.640664824,base_link,zed_0_left_camera_frame,-0.07510659854470193,-0.21820099674492574,1.360521669752696,-0.16434232933763457,-0.002173671146780697,0.9674966274599021,-0.19219039985218195,-0.8721088979850778,-0.3711726750153603,-0.3188368162198258,0.3726015797332641,-0.9261162507168083,0.05896399696864346,-0.317165781312438,-0.06737607498351235,0.9459737478832523
1783095548852351897,47.690784956,base_link,zed_0_left_camera_frame,-0.07510659854470193,-0.21820099674492574,1.360521669752696,-0.16434232933763457,-0.002173671146780697,0.9674966274599021,-0.19219039985218195,-0.8721088979850778,-0.3711726750153603,-0.3188368162198258,0.3726015797332641,-0.9261162507168083,0.05896399696864346,-0.317165781312438,-0.06737607498351235,0.9459737478832523
1783095548911381719,47.749814778,base_link,zed_0_left_camera_frame,-0.07510659854470193,-0.21820099674492574,1.360521669752696,-0.16434232933763457,-0.002173671146780697,0.9674966274599021,-0.19219039985218195,-0.8721088979850778,-0.3711726750153603,-0.3188368162198258,0.3726015797332641,-0.9261162507168083,0.05896399696864346,-0.317165781312438,-0.06737607498351235,0.9459737478832523
1783095548961602406,47.800035465,base_link,zed_0_left_camera_frame,-0.07510659854470193,-0.21820099674492574,1.360521669752696,-0.16434232933763457,-0.002173671146780697,0.9674966274599021,-0.19219039985218195,-0.8721088979850778,-0.3711726750153603,-0.3188368162198258,0.3726015797332641,-0.9261162507168083,0.05896399696864346,-0.317165781312438,-0.06737607498351235,0.9459737478832523
1783095549012253081,47.85068614,base_link,zed_0_left_camera_frame,-0.07510659854470193,-0.21820099674492574,1.360521669752696,-0.16434232933763457,-0.002173671146780697,0.9674966274599021,-0.19219039985218195,-0.8721088979850778,-0.3711726750153603,-0.3188368162198258,0.3726015797332641,-0.9261162507168083,0.05896399696864346,-0.317165781312438,-0.06737607498351235,0.9459737478832523
1783095549071922412,47.910355471,base_link,zed_0_left_camera_frame,-0.07510659854470193,-0.21820099674492574,1.360521669752696,-0.16434232933763457,-0.002173671146780697,0.9674966274599021,-0.19219039985218195,-0.8721088979850778,-0.3711726750153603,-0.3188368162198258,0.3726015797332641,-0.9261162507168083,0.05896399696864346,-0.317165781312438,-0.06737607498351235,0.9459737478832523
1783095549131979113,47.970412172,base_link,zed_0_left_camera_frame,-0.07510659854470193,-0.21820099674492574,1.360521669752696,-0.16434232933763457,-0.002173671146780697,0.9674966274599021,-0.19219039985218195,-0.8721088979850778,-0.3711726750153603,-0.3188368162198258,0.3726015797332641,-0.9261162507168083,0.05896399696864346,-0.317165781312438,-0.06737607498351235,0.9459737478832523
1783095549191357294,48.029790353,base_link,zed_0_left_camera_frame,-0.07510659854470193,-0.21820099674492574,1.360521669752696,-0.16434232933763457,-0.002173671146780697,0.9674966274599021,-0.19219039985218195,-0.8721088979850778,-0.3711726750153603,-0.3188368162198258,0.3726015797332641,-0.9261162507168083,0.05896399696864346,-0.317165781312438,-0.06737607498351235,0.9459737478832523
1783095549242173244,48.080606303,base_link,zed_0_left_camera_frame,-0.07510659854470193,-0.21820099674492574,1.360521669752696,-0.16434232933763457,-0.002173671146780697,0.9674966274599021,-0.19219039985218195,-0.8721088979850778,-0.3711726750153603,-0.3188368162198258,0.3726015797332641,-0.9261162507168083,0.05896399696864346,-0.317165781312438,-0.06737607498351235,0.9459737478832523
1783095549294957630,48.133390689,base_link,zed_0_left_camera_frame,-0.07510659854470193,-0.21820099674492574,1.360521669752696,-0.16434232933763457,-0.002173671146780697,0.9674966274599021,-0.19219039985218195,-0.8721088979850778,-0.3711726750153603,-0.3188368162198258,0.3726015797332641,-0.9261162507168083,0.05896399696864346,-0.317165781312438,-0.06737607498351235,0.9459737478832523
1783095549352943105,48.191376164,base_link,zed_0_left_camera_frame,-0.07510659854470193,-0.21820099674492574,1.360521669752696,-0.16434232933763457,-0.002173671146780697,0.9674966274599021,-0.19219039985218195,-0.8721088979850778,-0.3711726750153603,-0.3188368162198258,0.3726015797332641,-0.9261162507168083,0.05896399696864346,-0.317165781312438,-0.06737607498351235,0.9459737478832523
1783095549412230061,48.25066312,base_link,zed_0_left_camera_frame,-0.07510659854470193,-0.21820099674492574,1.360521669752696,-0.16434232933763457,-0.002173671146780697,0.9674966274599021,-0.19219039985218195,-0.8721088979850778,-0.3711726750153603,-0.3188368162198258,0.3726015797332641,-0.9261162507168083,0.05896399696864346,-0.317165781312438,-0.06737607498351235,0.9459737478832523
1783095549463333271,48.30176633,base_link,zed_0_left_camera_frame,-0.07548731621844412,-0.21806957884026543,1.360521669752696,-0.16434416364489923,-0.002030254721083529,0.9676639766655947,-0.19134602740938614,-0.8727553873410103,-0.3696499945760158,-0.3188368162198258,0.37098463663250614,-0.9267651517208281,0.05896399696864346,-0.3172828915177919,-0.0668224143968346,0.9459737478832523
1783095549514509415,48.352942474,base_link,zed_0_left_camera_frame,-0.07548731621844412,-0.21806957884026543,1.360521669752696,-0.16434416364489923,-0.002030254721083529,0.9676639766655947,-0.19134602740938614,-0.8727553873410103,-0.3696499945760158,-0.3188368162198258,0.37098463663250614,-0.9267651517208281,0.05896399696864346,-0.3172828915177919,-0.0668224143968346,0.9459737478832523
1783095549571698837,48.410131896,base_link,zed_0_left_camera_frame,-0.07586780394511812,-0.21793749665897152,1.360521669752696,-0.16434587279714552,-0.0018868367492617124,0.9678305889543195,-0.190501509248513,-0.8733992181371666,-0.3681261881205838,-0.3188368162198258,0.3693665634501164,-0.9274112296422408,0.05896399696864346,-0.3173990352260661,-0.06626855025783793,0.9459737478832523
1783095549631658845,48.470091904,base_link,zed_0_left_camera_frame,-0.07586780394511812,-0.21793749665897152,1.360521669752696,-0.16434587279714552,-0.0018868367492617124,0.9678305889543195,-0.190501509248513,-0.8733992181371666,-0.3681261881205838,-0.3188368162198258,0.3693665634501164,-0.9274112296422408,0.05896399696864346,-0.3173990352260661,-0.06626855025783793,0.9459737478832523
1783095549681776368,48.520209427,base_link,zed_0_left_camera_frame,-0.07624806056569448,-0.21780475060338858,1.360521669752696,-0.1643474567930718,-0.0017434173405340093,0.9679964641991942,-0.1896568460126983,-0.8740403884123301,-0.36660126029083456,-0.3188368162198258,0.36774736511501743,-0.9280544825129848,0.05896399696864346,-0.31751421208346764,-0.0657144842536854,0.9459737478832523
1783095549741780855,48.580213914,base_link,zed_0_left_camera_frame,-0.07624806056569448,-0.21780475060338858,1.360521669752696,-0.1643474567930718,-0.0017434173405340093,0.9679964641991942,-0.1896568460126983,-0.8740403884123301,-0.36660126029083456,-0.3188368162198258,0.36774736511501743,-0.9280544825129848,0.05896399696864346,-0.31751421208346764,-0.0657144842536854,0.9459737478832523
1783095549792179588,48.630612647,base_link,zed_0_left_camera_frame,-0.07662808492184744,-0.21767134107788344,1.360521669752696,-0.16434891563147194,-0.0015999966041204212,0.9681616022738978,-0.18881203834518925,-0.8746788962133885,-0.3650752157319556,-0.3188368162198258,0.3661270465595605,-0.9286949083736035,0.05896399696864346,-0.3176284217391484,-0.06516021807215555,0.9459737478832523
1783095549851524301,48.68995736,base_link,zed_0_left_camera_frame,-0.07662808492184744,-0.21767134107788344,1.360521669752696,-0.16434891563147194,-0.0015999966041204212,0.9681616022738978,-0.18881203834518925,-0.8746788962133885,-0.3650752157319556,-0.3188368162198258,0.3661270465595605,-0.9286949083736035,0.05896399696864346,-0.3176284217391484,-0.06516021807215555,0.9459737478832523
1783095549911556774,48.749989833,base_link,zed_0_left_camera_frame,-0.07700787585595878,-0.2175372684888439,1.360521669752696,-0.1643502493112349,-0.001456574649241888,0.9683260030526706,-0.18796708688934236,-0.8753147395953388,-0.3635480590925352,-0.3188368162198258,0.36450561271950854,-0.9293325052732513,0.05896399696864346,-0.3177416638452063,-0.06460575340163643,0.9459737478832523
1783095549961917203,48.800350262,base_link,zed_0_left_camera_frame,-0.07738743221112149,-0.21740253324467768,1.360521669752696,-0.16435145783134503,-0.001313151585120277,0.9684896664103145,-0.18712199228862395,-0.8759479166212957,-0.36201979502454956,-0.3188368162198258,0.3628830685340218,-0.9299672712697014,0.05896399696864346,-0.3178539380566871,-0.06405109193112071,0.9459737478832523
1783095550021710663,48.860143722,base_link,zed_0_left_camera_frame,-0.07738743221112149,-0.21740253324467768,1.360521669752696,-0.16435145783134503,-0.001313151585120277,0.9684896664103145,-0.18712199228862395,-0.8759479166212957,-0.36201979502454956,-0.3188368162198258,0.3628830685340218,-0.9299672712697014,0.05896399696864346,-0.3178539380566871,-0.06405109193112071,0.9459737478832523
1783095550081478131,48.91991119,base_link,zed_0_left_camera_frame,-0.07738743221112149,-0.21740253324467768,1.360521669752696,-0.16435145783134503,-0.001313151585120277,0.9684896664103145,-0.18712199228862395,-0.8759479166212957,-0.36201979502454956,-0.3188368162198258,0.3628830685340218,-0.9299672712697014,0.05896399696864346,-0.3178539380566871,-0.06405109193112071,0.9459737478832523
1783095550131634699,48.970067758,base_link,zed_0_left_camera_frame,-0.07738743221112149,-0.21740253324467768,1.360521669752696,-0.16435145783134503,-0.001313151585120277,0.9684896664103145,-0.18712199228862395,-0.8759479166212957,-0.36201979502454956,-0.3188368162198258,0.3628830685340218,-0.9299672712697014,0.05896399696864346,-0.3178539380566871,-0.06405109193112071,0.9459737478832523
1783095550182116872,49.020549931,base_link,zed_0_left_camera_frame,-0.07738743221112149,-0.21740253324467768,1.360521669752696,-0.16435145783134503,-0.001313151585120277,0.9684896664103145,-0.18712199228862395,-0.8759479166212957,-0.36201979502454956,-0.3188368162198258,0.3628830685340218,-0.9299672712697014,0.05896399696864346,-0.3178539380566871,-0.06405109193112071,0.9459737478832523
1783095550242395750,49.080828809,base_link,zed_0_left_camera_frame,-0.07738743221112149,-0.21740253324467768,1.360521669752696,-0.16435145783134503,-0.001313151585120277,0.9684896664103145,-0.18712199228862395,-0.8759479166212957,-0.36201979502454956,-0.3188368162198258,0.3628830685340218,-0.9299672712697014,0.05896399696864346,-0.3178539380566871,-0.06405109193112071,0.9459737478832523
1783095550301955709,49.140388768,base_link,zed_0_left_camera_frame,-0.07738743221112149,-0.21740253324467768,1.360521669752696,-0.16435145783134503,-0.001313151585120277,0.9684896664103145,-0.18712199228862395,-0.8759479166212957,-0.36201979502454956,-0.3188368162198258,0.3628830685340218,-0.9299672712697014,0.05896399696864346,-0.3178539380566871,-0.06405109193112071,0.9459737478832523
1783095550361675551,49.20010861,base_link,zed_0_left_camera_frame,-0.07738743221112149,-0.21740253324467768,1.360521669752696,-0.16435145783134503,-0.001313151585120277,0.9684896664103145,-0.18712199228862395,-0.8759479166212957,-0.36201979502454956,-0.3188368162198258,0.3628830685340218,-0.9299672712697014,0.05896399696864346,-0.3178539380566871,-0.06405109193112071,0.9459737478832523
1783095550421321485,49.259754544,base_link,zed_0_left_camera_frame,-0.07738743221112149,-0.21740253324467768,1.360521669752696,-0.16435145783134503,-0.001313151585120277,0.9684896664103145,-0.18712199228862395,-0.8759479166212957,-0.36201979502454956,-0.3188368162198258,0.3628830685340218,-0.9299672712697014,0.05896399696864346,-0.3178539380566871,-0.06405109193112071,0.9459737478832523
1783095550472104407,49.310537466,base_link,zed_0_left_camera_frame,-0.07738743221112149,-0.21740253324467768,1.360521669752696,-0.16435145783134503,-0.001313151585120277,0.9684896664103145,-0.18712199228862395,-0.8759479166212957,-0.36201979502454956,-0.3188368162198258,0.3628830685340218,-0.9299672712697014,0.05896399696864346,-0.3178539380566871,-0.06405109193112071,0.9459737478832523
1783095550527714404,49.366147463,base_link,zed_0_left_camera_frame,-0.07738743221112149,-0.21740253324467768,1.360521669752696,-0.16435145783134503,-0.001313151585120277,0.9684896664103145,-0.18712199228862395,-0.8759479166212957,-0.36201979502454956,-0.3188368162198258,0.3628830685340218,-0.9299672712697014,0.05896399696864346,-0.3178539380566871,-0.06405109193112071,0.9459737478832523
1783095550581432666,49.419865725,base_link,zed_0_left_camera_frame,-0.07738743221112149,-0.21740253324467768,1.360521669752696,-0.16435145783134503,-0.001313151585120277,0.9684896664103145,-0.18712199228862395,-0.8759479166212957,-0.36201979502454956,-0.3188368162198258,0.3628830685340218,-0.9299672712697014,0.05896399696864346,-0.3178539380566871,-0.06405109193112071,0.9459737478832523
1783095550631652774,49.470085833,base_link,zed_0_left_camera_frame,-0.07738743221112149,-0.21740253324467768,1.360521669752696,-0.16435145783134503,-0.001313151585120277,0.9684896664103145,-0.18712199228862395,-0.8759479166212957,-0.36201979502454956,-0.3188368162198258,0.3628830685340218,-0.9299672712697014,0.05896399696864346,-0.3178539380566871,-0.06405109193112071,0.9459737478832523
1783095550692079718,49.530512777,base_link,zed_0_left_camera_frame,-0.07738743221112149,-0.21740253324467768,1.360521669752696,-0.16435145783134503,-0.001313151585120277,0.9684896664103145,-0.18712199228862395,-0.8759479166212957,-0.36201979502454956,-0.3188368162198258,0.3628830685340218,-0.9299672712697014,0.05896399696864346,-0.3178539380566871,-0.06405109193112071,0.9459737478832523
1783095550742026280,49.580459339,base_link,zed_0_left_camera_frame,-0.07738743221112149,-0.21740253324467768,1.360521669752696,-0.16435145783134503,-0.001313151585120277,0.9684896664103145,-0.18712199228862395,-0.8759479166212957,-0.36201979502454956,-0.3188368162198258,0.3628830685340218,-0.9299672712697014,0.05896399696864346,-0.3178539380566871,-0.06405109193112071,0.9459737478832523
1783095550801583814,49.640016873,base_link,zed_0_left_camera_frame,-0.07738743221112149,-0.21740253324467768,1.360521669752696,-0.16435145783134503,-0.001313151585120277,0.9684896664103145,-0.18712199228862395,-0.8759479166212957,-0.36201979502454956,-0.3188368162198258,0.3628830685340218,-0.9299672712697014,0.05896399696864346,-0.3178539380566871,-0.06405109193112071,0.9459737478832523
1783095550851704517,49.690137576,base_link,zed_0_left_camera_frame,-0.07738743221112149,-0.21740253324467768,1.360521669752696,-0.16435145783134503,-0.001313151585120277,0.9684896664103145,-0.18712199228862395,-0.8759479166212957,-0.36201979502454956,-0.3188368162198258,0.3628830685340218,-0.9299672712697014,0.05896399696864346,-0.3178539380566871,-0.06405109193112071,0.9459737478832523
1783095550902390450,49.740823509,base_link,zed_0_left_camera_frame,-0.07738743221112149,-0.21740253324467768,1.360521669752696,-0.16435145783134503,-0.001313151585120277,0.9684896664103145,-0.18712199228862395,-0.8759479166212957,-0.36201979502454956,-0.3188368162198258,0.3628830685340218,-0.9299672712697014,0.05896399696864346,-0.3178539380566871,-0.06405109193112071,0.9459737478832523
1783095550961326726,49.799759785,base_link,zed_0_left_camera_frame,-0.07738743221112149,-0.21740253324467768,1.360521669752696,-0.16435145783134503,-0.001313151585120277,0.9684896664103145,-0.18712199228862395,-0.8759479166212957,-0.36201979502454956,-0.3188368162198258,0.3628830685340218,-0.9299672712697014,0.05896399696864346,-0.3178539380566871,-0.06405109193112071,0.9459737478832523
1783095551011592999,49.850026058,base_link,zed_0_left_camera_frame,-0.07738743221112149,-0.21740253324467768,1.360521669752696,-0.16435145783134503,-0.001313151585120277,0.9684896664103145,-0.18712199228862395,-0.8759479166212957,-0.36201979502454956,-0.3188368162198258,0.3628830685340218,-0.9299672712697014,0.05896399696864346,-0.3178539380566871,-0.06405109193112071,0.9459737478832523
1783095551072385505,49.910818564,base_link,zed_0_left_camera_frame,-0.07738743221112149,-0.21740253324467768,1.360521669752696,-0.16435145783134503,-0.001313151585120277,0.9684896664103145,-0.18712199228862395,-0.8759479166212957,-0.36201979502454956,-0.3188368162198258,0.3628830685340218,-0.9299672712697014,0.05896399696864346,-0.3178539380566871,-0.06405109193112071,0.9459737478832523
1783095551131337674,49.969770733,base_link,zed_0_left_camera_frame,-0.07738743221112149,-0.21740253324467768,1.360521669752696,-0.16435145783134503,-0.001313151585120277,0.9684896664103145,-0.18712199228862395,-0.8759479166212957,-0.36201979502454956,-0.3188368162198258,0.3628830685340218,-0.9299672712697014,0.05896399696864346,-0.3178539380566871,-0.06405109193112071,0.9459737478832523
1783095551181687325,50.020120384,base_link,zed_0_left_camera_frame,-0.07738743221112149,-0.21740253324467768,1.360521669752696,-0.16435145783134503,-0.001313151585120277,0.9684896664103145,-0.18712199228862395,-0.8759479166212957,-0.36201979502454956,-0.3188368162198258,0.3628830685340218,-0.9299672712697014,0.05896399696864346,-0.3178539380566871,-0.06405109193112071,0.9459737478832523
1783095551231844960,50.070278019,base_link,zed_0_left_camera_frame,-0.07738743221112149,-0.21740253324467768,1.360521669752696,-0.16435145783134503,-0.001313151585120277,0.9684896664103145,-0.18712199228862395,-0.8759479166212957,-0.36201979502454956,-0.3188368162198258,0.3628830685340218,-0.9299672712697014,0.05896399696864346,-0.3178539380566871,-0.06405109193112071,0.9459737478832523
1783095551281893321,50.12032638,base_link,zed_0_left_camera_frame,-0.07738743221112149,-0.21740253324467768,1.360521669752696,-0.16435145783134503,-0.001313151585120277,0.9684896664103145,-0.18712199228862395,-0.8759479166212957,-0.36201979502454956,-0.3188368162198258,0.3628830685340218,-0.9299672712697014,0.05896399696864346,-0.3178539380566871,-0.06405109193112071,0.9459737478832523
1783095551341678300,50.180111359,base_link,zed_0_left_camera_frame,-0.07738743221112149,-0.21740253324467768,1.360521669752696,-0.16435145783134503,-0.001313151585120277,0.9684896664103145,-0.18712199228862395,-0.8759479166212957,-0.36201979502454956,-0.3188368162198258,0.3628830685340218,-0.9299672712697014,0.05896399696864346,-0.3178539380566871,-0.06405109193112071,0.9459737478832523
1783095551402185931,50.24061899,base_link,zed_0_left_camera_frame,-0.07738743221112149,-0.21740253324467768,1.360521669752696,-0.16435145783134503,-0.001313151585120277,0.9684896664103145,-0.18712199228862395,-0.8759479166212957,-0.36201979502454956,-0.3188368162198258,0.3628830685340218,-0.9299672712697014,0.05896399696864346,-0.3178539380566871,-0.06405109193112071,0.9459737478832523
1783095551461899467,50.300332526,base_link,zed_0_left_camera_frame,-0.07738743221112149,-0.21740253324467768,1.360521669752696,-0.16435145783134503,-0.001313151585120277,0.9684896664103145,-0.18712199228862395,-0.8759479166212957,-0.36201979502454956,-0.3188368162198258,0.3628830685340218,-0.9299672712697014,0.05896399696864346,-0.3178539380566871,-0.06405109193112071,0.9459737478832523
1783095551511725938,50.350158997,base_link,zed_0_left_camera_frame,-0.07738743221112149,-0.21740253324467768,1.360521669752696,-0.16435145783134503,-0.001313151585120277,0.9684896664103145,-0.18712199228862395,-0.8759479166212957,-0.36201979502454956,-0.3188368162198258,0.3628830685340218,-0.9299672712697014,0.05896399696864346,-0.3178539380566871,-0.06405109193112071,0.9459737478832523
1783095551561770641,50.4002037,base_link,zed_0_left_camera_frame,-0.07738743221112149,-0.21740253324467768,1.360521669752696,-0.16435145783134503,-0.001313151585120277,0.9684896664103145,-0.18712199228862395,-0.8759479166212957,-0.36201979502454956,-0.3188368162198258,0.3628830685340218,-0.9299672712697014,0.05896399696864346,-0.3178539380566871,-0.06405109193112071,0.9459737478832523
1783095551621605443,50.460038502,base_link,zed_0_left_camera_frame,-0.07738743221112149,-0.21740253324467768,1.360521669752696,-0.16435145783134503,-0.001313151585120277,0.9684896664103145,-0.18712199228862395,-0.8759479166212957,-0.36201979502454956,-0.3188368162198258,0.3628830685340218,-0.9299672712697014,0.05896399696864346,-0.3178539380566871,-0.06405109193112071,0.9459737478832523
1783095551671713650,50.510146709,base_link,zed_0_left_camera_frame,-0.07738743221112149,-0.21740253324467768,1.360521669752696,-0.16435145783134503,-0.001313151585120277,0.9684896664103145,-0.18712199228862395,-0.8759479166212957,-0.36201979502454956,-0.3188368162198258,0.3628830685340218,-0.9299672712697014,0.05896399696864346,-0.3178539380566871,-0.06405109193112071,0.9459737478832523
1783095551722054641,50.5604877,base_link,zed_0_left_camera_frame,-0.07738743221112149,-0.21740253324467768,1.360521669752696,-0.16435145783134503,-0.001313151585120277,0.9684896664103145,-0.18712199228862395,-0.8759479166212957,-0.36201979502454956,-0.3188368162198258,0.3628830685340218,-0.9299672712697014,0.05896399696864346,-0.3178539380566871,-0.06405109193112071,0.9459737478832523
1783095551781816242,50.620249301,base_link,zed_0_left_camera_frame,-0.07738743221112149,-0.21740253324467768,1.360521669752696,-0.16435145783134503,-0.001313151585120277,0.9684896664103145,-0.18712199228862395,-0.8759479166212957,-0.36201979502454956,-0.3188368162198258,0.3628830685340218,-0.9299672712697014,0.05896399696864346,-0.3178539380566871,-0.06405109193112071,0.9459737478832523
1783095551841382288,50.679815347,base_link,zed_0_left_camera_frame,-0.07738743221112149,-0.21740253324467768,1.360521669752696,-0.16435145783134503,-0.001313151585120277,0.9684896664103145,-0.18712199228862395,-0.8759479166212957,-0.36201979502454956,-0.3188368162198258,0.3628830685340218,-0.9299672712697014,0.05896399696864346,-0.3178539380566871,-0.06405109193112071,0.9459737478832523
1783095551891440190,50.729873249,base_link,zed_0_left_camera_frame,-0.07738743221112149,-0.21740253324467768,1.360521669752696,-0.16435145783134503,-0.001313151585120277,0.9684896664103145,-0.18712199228862395,-0.8759479166212957,-0.36201979502454956,-0.3188368162198258,0.3628830685340218,-0.9299672712697014,0.05896399696864346,-0.3178539380566871,-0.06405109193112071,0.9459737478832523
1783095551942182004,50.780615063,base_link,zed_0_left_camera_frame,-0.07738743221112149,-0.21740253324467768,1.360521669752696,-0.16435145783134503,-0.001313151585120277,0.9684896664103145,-0.18712199228862395,-0.8759479166212957,-0.36201979502454956,-0.3188368162198258,0.3628830685340218,-0.9299672712697014,0.05896399696864346,-0.3178539380566871,-0.06405109193112071,0.9459737478832523
1783095552001773280,50.840206339,base_link,zed_0_left_camera_frame,-0.07738743221112149,-0.21740253324467768,1.360521669752696,-0.16435145783134503,-0.001313151585120277,0.9684896664103145,-0.18712199228862395,-0.8759479166212957,-0.36201979502454956,-0.3188368162198258,0.3628830685340218,-0.9299672712697014,0.05896399696864346,-0.3178539380566871,-0.06405109193112071,0.9459737478832523
1783095552061467057,50.899900116,base_link,zed_0_left_camera_frame,-0.07738743221112149,-0.21740253324467768,1.360521669752696,-0.16435145783134503,-0.001313151585120277,0.9684896664103145,-0.18712199228862395,-0.8759479166212957,-0.36201979502454956,-0.3188368162198258,0.3628830685340218,-0.9299672712697014,0.05896399696864346,-0.3178539380566871,-0.06405109193112071,0.9459737478832523
1783095552111559804,50.949992863,base_link,zed_0_left_camera_frame,-0.07738743221112149,-0.21740253324467768,1.360521669752696,-0.16435145783134503,-0.001313151585120277,0.9684896664103145,-0.18712199228862395,-0.8759479166212957,-0.36201979502454956,-0.3188368162198258,0.3628830685340218,-0.9299672712697014,0.05896399696864346,-0.3178539380566871,-0.06405109193112071,0.9459737478832523
1783095552162172768,51.000605827,base_link,zed_0_left_camera_frame,-0.07738743221112149,-0.21740253324467768,1.360521669752696,-0.16435145783134503,-0.001313151585120277,0.9684896664103145,-0.18712199228862395,-0.8759479166212957,-0.36201979502454956,-0.3188368162198258,0.3628830685340218,-0.9299672712697014,0.05896399696864346,-0.3178539380566871,-0.06405109193112071,0.9459737478832523
1783095552221826122,51.060259181,base_link,zed_0_left_camera_frame,-0.07738743221112149,-0.21740253324467768,1.360521669752696,-0.16435145783134503,-0.001313151585120277,0.9684896664103145,-0.18712199228862395,-0.8759479166212957,-0.36201979502454956,-0.3188368162198258,0.3628830685340218,-0.9299672712697014,0.05896399696864346,-0.3178539380566871,-0.06405109193112071,0.9459737478832523
1783095552281501758,51.119934817,base_link,zed_0_left_camera_frame,-0.07738743221112149,-0.21740253324467768,1.360521669752696,-0.16435145783134503,-0.001313151585120277,0.9684896664103145,-0.18712199228862395,-0.8759479166212957,-0.36201979502454956,-0.3188368162198258,0.3628830685340218,-0.9299672712697014,0.05896399696864346,-0.3178539380566871,-0.06405109193112071,0.9459737478832523
1783095552342010520,51.180443579,base_link,zed_0_left_camera_frame,-0.07738743221112149,-0.21740253324467768,1.360521669752696,-0.16435145783134503,-0.001313151585120277,0.9684896664103145,-0.18712199228862395,-0.8759479166212957,-0.36201979502454956,-0.3188368162198258,0.3628830685340218,-0.9299672712697014,0.05896399696864346,-0.3178539380566871,-0.06405109193112071,0.9459737478832523
1783095552402050091,51.24048315,base_link,zed_0_left_camera_frame,-0.07738743221112149,-0.21740253324467768,1.360521669752696,-0.16435145783134503,-0.001313151585120277,0.9684896664103145,-0.18712199228862395,-0.8759479166212957,-0.36201979502454956,-0.3188368162198258,0.3628830685340218,-0.9299672712697014,0.05896399696864346,-0.3178539380566871,-0.06405109193112071,0.9459737478832523
1783095552461556653,51.299989712,base_link,zed_0_left_camera_frame,-0.07738743221112149,-0.21740253324467768,1.360521669752696,-0.16435145783134503,-0.001313151585120277,0.9684896664103145,-0.18712199228862395,-0.8759479166212957,-0.36201979502454956,-0.3188368162198258,0.3628830685340218,-0.9299672712697014,0.05896399696864346,-0.3178539380566871,-0.06405109193112071,0.9459737478832523
1783095552511768953,51.350202012,base_link,zed_0_left_camera_frame,-0.07738743221112149,-0.21740253324467768,1.360521669752696,-0.16435145783134503,-0.001313151585120277,0.9684896664103145,-0.18712199228862395,-0.8759479166212957,-0.36201979502454956,-0.3188368162198258,0.3628830685340218,-0.9299672712697014,0.05896399696864346,-0.3178539380566871,-0.06405109193112071,0.9459737478832523
1783095552572872404,51.411305463,base_link,zed_0_left_camera_frame,-0.07738743221112149,-0.21740253324467768,1.360521669752696,-0.16435145783134503,-0.001313151585120277,0.9684896664103145,-0.18712199228862395,-0.8759479166212957,-0.36201979502454956,-0.3188368162198258,0.3628830685340218,-0.9299672712697014,0.05896399696864346,-0.3178539380566871,-0.06405109193112071,0.9459737478832523
1783095552631884735,51.470317794,base_link,zed_0_left_camera_frame,-0.07738743221112149,-0.21740253324467768,1.360521669752696,-0.16435145783134503,-0.001313151585120277,0.9684896664103145,-0.18712199228862395,-0.8759479166212957,-0.36201979502454956,-0.3188368162198258,0.3628830685340218,-0.9299672712697014,0.05896399696864346,-0.3178539380566871,-0.06405109193112071,0.9459737478832523
1783095552691980062,51.530413121,base_link,zed_0_left_camera_frame,-0.07738743221112149,-0.21740253324467768,1.360521669752696,-0.16435145783134503,-0.001313151585120277,0.9684896664103145,-0.18712199228862395,-0.8759479166212957,-0.36201979502454956,-0.3188368162198258,0.3628830685340218,-0.9299672712697014,0.05896399696864346,-0.3178539380566871,-0.06405109193112071,0.9459737478832523
1783095552751591958,51.590025017,base_link,zed_0_left_camera_frame,-0.07738743221112149,-0.21740253324467768,1.360521669752696,-0.16435145783134503,-0.001313151585120277,0.9684896664103145,-0.18712199228862395,-0.8759479166212957,-0.36201979502454956,-0.3188368162198258,0.3628830685340218,-0.9299672712697014,0.05896399696864346,-0.3178539380566871,-0.06405109193112071,0.9459737478832523
1783095552811820939,51.650253998,base_link,zed_0_left_camera_frame,-0.07738743221112149,-0.21740253324467768,1.360521669752696,-0.16435145783134503,-0.001313151585120277,0.9684896664103145,-0.18712199228862395,-0.8759479166212957,-0.36201979502454956,-0.3188368162198258,0.3628830685340218,-0.9299672712697014,0.05896399696864346,-0.3178539380566871,-0.06405109193112071,0.9459737478832523
1783095552872263403,51.710696462,base_link,zed_0_left_camera_frame,-0.07738743221112149,-0.21740253324467768,1.360521669752696,-0.16435145783134503,-0.001313151585120277,0.9684896664103145,-0.18712199228862395,-0.8759479166212957,-0.36201979502454956,-0.3188368162198258,0.3628830685340218,-0.9299672712697014,0.05896399696864346,-0.3178539380566871,-0.06405109193112071,0.9459737478832523
1783095552931866986,51.770300045,base_link,zed_0_left_camera_frame,-0.07700787585595878,-0.2175372684888439,1.360521669752696,-0.1643502493112349,-0.001456574649241888,0.9683260030526706,-0.18796708688934236,-0.8753147395953388,-0.3635480590925352,-0.3188368162198258,0.36450561271950854,-0.9293325052732513,0.05896399696864346,-0.3177416638452063,-0.06460575340163643,0.9459737478832523
1783095552982018122,51.820451181,base_link,zed_0_left_camera_frame,-0.07700787585595878,-0.2175372684888439,1.360521669752696,-0.1643502493112349,-0.001456574649241888,0.9683260030526706,-0.18796708688934236,-0.8753147395953388,-0.3635480590925352,-0.3188368162198258,0.36450561271950854,-0.9293325052732513,0.05896399696864346,-0.3177416638452063,-0.06460575340163643,0.9459737478832523
1783095553041584847,51.880017906,base_link,zed_0_left_camera_frame,-0.07700787585595878,-0.2175372684888439,1.360521669752696,-0.1643502493112349,-0.001456574649241888,0.9683260030526706,-0.18796708688934236,-0.8753147395953388,-0.3635480590925352,-0.3188368162198258,0.36450561271950854,-0.9293325052732513,0.05896399696864346,-0.3177416638452063,-0.06460575340163643,0.9459737478832523
1783095553101651666,51.940084725,base_link,zed_0_left_camera_frame,-0.07662808492184744,-0.21767134107788344,1.360521669752696,-0.16434891563147194,-0.0015999966041204212,0.9681616022738978,-0.18881203834518925,-0.8746788962133885,-0.3650752157319556,-0.3188368162198258,0.3661270465595605,-0.9286949083736035,0.05896399696864346,-0.3176284217391484,-0.06516021807215555,0.9459737478832523
1783095553161775502,52.000208561,base_link,zed_0_left_camera_frame,-0.07662808492184744,-0.21767134107788344,1.360521669752696,-0.16434891563147194,-0.0015999966041204212,0.9681616022738978,-0.18881203834518925,-0.8746788962133885,-0.3650752157319556,-0.3188368162198258,0.3661270465595605,-0.9286949083736035,0.05896399696864346,-0.3176284217391484,-0.06516021807215555,0.9459737478832523
1783095553211905050,52.050338109,base_link,zed_0_left_camera_frame,-0.07662808492184744,-0.21767134107788344,1.360521669752696,-0.16434891563147194,-0.0015999966041204212,0.9681616022738978,-0.18881203834518925,-0.8746788962133885,-0.3650752157319556,-0.3188368162198258,0.3661270465595605,-0.9286949083736035,0.05896399696864346,-0.3176284217391484,-0.06516021807215555,0.9459737478832523
1783095553271829342,52.110262401,base_link,zed_0_left_camera_frame,-0.07662808492184744,-0.21767134107788344,1.360521669752696,-0.16434891563147194,-0.0015999966041204212,0.9681616022738978,-0.18881203834518925,-0.8746788962133885,-0.3650752157319556,-0.3188368162198258,0.3661270465595605,-0.9286949083736035,0.05896399696864346,-0.3176284217391484,-0.06516021807215555,0.9459737478832523
1783095553331763216,52.170196275,base_link,zed_0_left_camera_frame,-0.07662808492184744,-0.21767134107788344,1.360521669752696,-0.16434891563147194,-0.0015999966041204212,0.9681616022738978,-0.18881203834518925,-0.8746788962133885,-0.3650752157319556,-0.3188368162198258,0.3661270465595605,-0.9286949083736035,0.05896399696864346,-0.3176284217391484,-0.06516021807215555,0.9459737478832523
1783095553391827399,52.230260458,base_link,zed_0_left_camera_frame,-0.07624806056569448,-0.21780475060338858,1.360521669752696,-0.1643474567930718,-0.0017434173405340093,0.9679964641991942,-0.1896568460126983,-0.8740403884123301,-0.36660126029083456,-0.3188368162198258,0.36774736511501743,-0.9280544825129848,0.05896399696864346,-0.31751421208346764,-0.0657144842536854,0.9459737478832523
1783095553441568933,52.280001992,base_link,zed_0_left_camera_frame,-0.07624806056569448,-0.21780475060338858,1.360521669752696,-0.1643474567930718,-0.0017434173405340093,0.9679964641991942,-0.1896568460126983,-0.8740403884123301,-0.36660126029083456,-0.3188368162198258,0.36774736511501743,-0.9280544825129848,0.05896399696864346,-0.31751421208346764,-0.0657144842536854,0.9459737478832523
1783095553497046886,52.335479945,base_link,zed_0_left_camera_frame,-0.07624806056569448,-0.21780475060338858,1.360521669752696,-0.1643474567930718,-0.0017434173405340093,0.9679964641991942,-0.1896568460126983,-0.8740403884123301,-0.36660126029083456,-0.3188368162198258,0.36774736511501743,-0.9280544825129848,0.05896399696864346,-0.31751421208346764,-0.0657144842536854,0.9459737478832523
1783095553551458775,52.389891834,base_link,zed_0_left_camera_frame,-0.07624806056569448,-0.21780475060338858,1.360521669752696,-0.1643474567930718,-0.0017434173405340093,0.9679964641991942,-0.1896568460126983,-0.8740403884123301,-0.36660126029083456,-0.3188368162198258,0.36774736511501743,-0.9280544825129848,0.05896399696864346,-0.31751421208346764,-0.0657144842536854,0.9459737478832523
1783095553601871091,52.44030415,base_link,zed_0_left_camera_frame,-0.07624806056569448,-0.21780475060338858,1.360521669752696,-0.1643474567930718,-0.0017434173405340093,0.9679964641991942,-0.1896568460126983,-0.8740403884123301,-0.36660126029083456,-0.3188368162198258,0.36774736511501743,-0.9280544825129848,0.05896399696864346,-0.31751421208346764,-0.0657144842536854,0.9459737478832523
1783095553651819211,52.49025227,base_link,zed_0_left_camera_frame,-0.07624806056569448,-0.21780475060338858,1.360521669752696,-0.1643474567930718,-0.0017434173405340093,0.9679964641991942,-0.1896568460126983,-0.8740403884123301,-0.36660126029083456,-0.3188368162198258,0.36774736511501743,-0.9280544825129848,0.05896399696864346,-0.31751421208346764,-0.0657144842536854,0.9459737478832523
1783095553716689187,52.555122246,base_link,zed_0_left_camera_frame,-0.07624806056569448,-0.21780475060338858,1.360521669752696,-0.1643474567930718,-0.0017434173405340093,0.9679964641991942,-0.1896568460126983,-0.8740403884123301,-0.36660126029083456,-0.3188368162198258,0.36774736511501743,-0.9280544825129848,0.05896399696864346,-0.31751421208346764,-0.0657144842536854,0.9459737478832523
1783095553771499371,52.60993243,base_link,zed_0_left_camera_frame,-0.07624806056569448,-0.21780475060338858,1.360521669752696,-0.1643474567930718,-0.0017434173405340093,0.9679964641991942,-0.1896568460126983,-0.8740403884123301,-0.36660126029083456,-0.3188368162198258,0.36774736511501743,-0.9280544825129848,0.05896399696864346,-0.31751421208346764,-0.0657144842536854,0.9459737478832523
1783095553821640494,52.660073553,base_link,zed_0_left_camera_frame,-0.07624806056569448,-0.21780475060338858,1.360521669752696,-0.1643474567930718,-0.0017434173405340093,0.9679964641991942,-0.1896568460126983,-0.8740403884123301,-0.36660126029083456,-0.3188368162198258,0.36774736511501743,-0.9280544825129848,0.05896399696864346,-0.31751421208346764,-0.0657144842536854,0.9459737478832523
1783095553872506983,52.710940042,base_link,zed_0_left_camera_frame,-0.07624806056569448,-0.21780475060338858,1.360521669752696,-0.1643474567930718,-0.0017434173405340093,0.9679964641991942,-0.1896568460126983,-0.8740403884123301,-0.36660126029083456,-0.3188368162198258,0.36774736511501743,-0.9280544825129848,0.05896399696864346,-0.31751421208346764,-0.0657144842536854,0.9459737478832523
1783095553931696346,52.770129405,base_link,zed_0_left_camera_frame,-0.07624806056569448,-0.21780475060338858,1.360521669752696,-0.1643474567930718,-0.0017434173405340093,0.9679964641991942,-0.1896568460126983,-0.8740403884123301,-0.36660126029083456,-0.3188368162198258,0.36774736511501743,-0.9280544825129848,0.05896399696864346,-0.31751421208346764,-0.0657144842536854,0.9459737478832523
1783095553981829212,52.820262271,base_link,zed_0_left_camera_frame,-0.07586780394511812,-0.21793749665897152,1.360521669752696,-0.16434587279714552,-0.0018868367492617124,0.9678305889543195,-0.190501509248513,-0.8733992181371666,-0.3681261881205838,-0.3188368162198258,0.3693665634501164,-0.9274112296422408,0.05896399696864346,-0.3173990352260661,-0.06626855025783793,0.9459737478832523
1783095554031970232,52.870403291,base_link,zed_0_left_camera_frame,-0.07586780394511812,-0.21793749665897152,1.360521669752696,-0.16434587279714552,-0.0018868367492617124,0.9678305889543195,-0.190501509248513,-0.8733992181371666,-0.3681261881205838,-0.3188368162198258,0.3693665634501164,-0.9274112296422408,0.05896399696864346,-0.3173990352260661,-0.06626855025783793,0.9459737478832523
1783095554091672132,52.930105191,base_link,zed_0_left_camera_frame,-0.07586780394511812,-0.21793749665897152,1.360521669752696,-0.16434587279714552,-0.0018868367492617124,0.9678305889543195,-0.190501509248513,-0.8733992181371666,-0.3681261881205838,-0.3188368162198258,0.3693665634501164,-0.9274112296422408,0.05896399696864346,-0.3173990352260661,-0.06626855025783793,0.9459737478832523
1783095554152000953,52.990434012,base_link,zed_0_left_camera_frame,-0.07586780394511812,-0.21793749665897152,1.360521669752696,-0.16434587279714552,-0.0018868367492617124,0.9678305889543195,-0.190501509248513,-0.8733992181371666,-0.3681261881205838,-0.3188368162198258,0.3693665634501164,-0.9274112296422408,0.05896399696864346,-0.3173990352260661,-0.06626855025783793,0.9459737478832523
1783095554211489129,53.049922188,base_link,zed_0_left_camera_frame,-0.07586780394511812,-0.21793749665897152,1.360521669752696,-0.16434587279714552,-0.0018868367492617124,0.9678305889543195,-0.190501509248513,-0.8733992181371666,-0.3681261881205838,-0.3188368162198258,0.3693665634501164,-0.9274112296422408,0.05896399696864346,-0.3173990352260661,-0.06626855025783793,0.9459737478832523
1783095554271614083,53.110047142,base_link,zed_0_left_camera_frame,-0.07586780394511812,-0.21793749665897152,1.360521669752696,-0.16434587279714552,-0.0018868367492617124,0.9678305889543195,-0.190501509248513,-0.8733992181371666,-0.3681261881205838,-0.3188368162198258,0.3693665634501164,-0.9274112296422408,0.05896399696864346,-0.3173990352260661,-0.06626855025783793,0.9459737478832523
1783095554321947761,53.16038082,base_link,zed_0_left_camera_frame,-0.07586780394511812,-0.21793749665897152,1.360521669752696,-0.16434587279714552,-0.0018868367492617124,0.9678305889543195,-0.190501509248513,-0.8733992181371666,-0.3681261881205838,-0.3188368162198258,0.3693665634501164,-0.9274112296422408,0.05896399696864346,-0.3173990352260661,-0.06626855025783793,0.9459737478832523
1783095554381260402,53.219693461,base_link,zed_0_left_camera_frame,-0.07586780394511812,-0.21793749665897152,1.360521669752696,-0.16434587279714552,-0.0018868367492617124,0.9678305889543195,-0.190501509248513,-0.8733992181371666,-0.3681261881205838,-0.3188368162198258,0.3693665634501164,-0.9274112296422408,0.05896399696864346,-0.3173990352260661,-0.06626855025783793,0.9459737478832523
1783095554432068269,53.270501328,base_link,zed_0_left_camera_frame,-0.07586780394511812,-0.21793749665897152,1.360521669752696,-0.16434587279714552,-0.0018868367492617124,0.9678305889543195,-0.190501509248513,-0.8733992181371666,-0.3681261881205838,-0.3188368162198258,0.3693665634501164,-0.9274112296422408,0.05896399696864346,-0.3173990352260661,-0.06626855025783793,0.9459737478832523
1783095554491665732,53.330098791,base_link,zed_0_left_camera_frame,-0.07586780394511812,-0.21793749665897152,1.360521669752696,-0.16434587279714552,-0.0018868367492617124,0.9678305889543195,-0.190501509248513,-0.8733992181371666,-0.3681261881205838,-0.3188368162198258,0.3693665634501164,-0.9274112296422408,0.05896399696864346,-0.3173990352260661,-0.06626855025783793,0.9459737478832523
