t_ns,t_offset_s,ax,ay,az,gx,gy,gz,qx,qy,qz,qw
1783095546063602958,44.902036017,4.230597019195557,5.131145477294922,15.047739028930664,-0.05273250934221101,0.46280597788680083,0.22199096127326015,-0.06359033286571503,0.15286441147327423,0.3994216322898865,0.9016935229301453
1783095546063661461,44.90209452,-14.235880851745605,-7.589248180389404,-3.727591037750244,-0.16724843520421506,0.25827521718780805,0.13410662623861028,-0.06359033286571503,0.15286441147327423,0.3994216322898865,0.9016935229301453
1783095546063698744,44.902131803,-1.0055218935012817,-3.1468069553375244,6.956533908843994,-0.30040651001547625,-0.8469367155284463,-0.2216916885375309,-0.06359033286571503,0.15286441147327423,0.3994216322898865,0.9016935229301453
1783095546063716345,44.902149404,13.575165748596191,5.479501724243164,22.56792640686035,-0.15339999715489866,0.2790478576170254,0.11013818409101821,-0.06359033286571503,0.15286441147327423,0.3994216322898865,0.9016935229301453
1783095546063738511,44.90217157,-3.196216344833374,-3.3479199409484863,7.735846519470215,-0.08735360862669135,0.8281916562061731,0.17884775042731288,-0.06359033286571503,0.15286441147327423,0.3994216322898865,0.9016935229301453
1783095546063751577,44.902184636,-8.852519035339355,-7.42404842376709,4.281013488769531,-0.13209471617063667,-0.4778225450013829,-0.31436969702141765,-0.06359033286571503,0.15286441147327423,0.3994216322898865,0.9016935229301453
1783095546063786677,44.902219736,5.545013904571533,2.3550686836242676,19.55482292175293,0.08948029261842586,-0.05810833317699457,-0.14339475033562663,-0.06359033286571503,0.15286441147327423,0.3994216322898865,0.9016935229301453
1783095546063851028,44.902284087,-4.083268165588379,2.721381425857544,11.56058406829834,0.2354215326912928,1.0220697223175736,0.28058050686652186,-0.06359033286571503,0.15286441147327423,0.3994216322898865,0.9016935229301453
1783095546063961061,44.90239412,-16.480443954467773,-2.029911756515503,1.7455538511276245,-0.04687355478288484,-0.14332948624236777,-0.13434000238030436,-0.06359033286571503,0.15286441147327423,0.3994216322898865,0.9016935229301453
1783095546064070609,44.902503668,-2.179877758026123,2.7285640239715576,16.114355087280273,-0.04474302585222078,-0.7180397152232705,-0.26323700268548017,-0.06359033286571503,0.15286441147327423,0.3994216322898865,0.9016935229301453
1783095546064197491,44.90263055,-0.6356177926063538,3.8310940265655518,16.275962829589844,0.3025331773624535,0.47079546137679107,0.2821784035645199,-0.06359033286571503,0.15286441147327423,0.3994216322898865,0.9016935229301453
1783095546064335522,44.902768581,-13.510437965393066,-0.4748777449131012,0.6933022737503052,0.18322357389002325,0.08676763826935101,0.18523933721930505,-0.06359033286571503,0.15286441147327423,0.3994216322898865,0.9016935229301453
1783095546064371968,44.902805027,-3.903702974319458,2.3335208892822266,8.28172492980957,-0.15872631948155883,-0.904460996656376,-0.19506007690423013,-0.06359033286571503,0.15286441147327423,0.3994216322898865,0.9016935229301453
1783095546064414971,44.90284803,6.467978477478027,2.541816473007202,17.953102111816406,0.0010633461570565702,-0.05810833317699457,0.1064097584623561,-0.06359033286571503,0.15286441147327423,0.3994216322898865,0.9016935229301453
1783095546064445853,44.902878912,0.0,0.0,0.0,0.0,0.0,0.0,0.0,1.0,0.0,0.0
1783095546722184364,45.560617423,-9.229605674743652,-8.953943252563477,7.1720123291015625,0.3062616029911156,-0.4250919539674473,-0.1971906058348942,-0.06266061961650848,0.15554140508174896,0.3927488327026367,0.9042283892631531
1783095546722211300,45.560644359,-4.966728687286377,-1.6707814931869507,11.628819465637207,0.25353104524669456,0.3434963577696133,0.0329065124350406,-0.06266061961650848,0.15554140508174896,0.3927488327026367,0.9042283892631531
1783095546722228654,45.560661713,0.6213381290435791,5.217336654663086,17.479049682617188,0.2322257392952967,0.247622589179245,0.0824413079923854,-0.06266061961650848,0.15554140508174896,0.3927488327026367,0.9042283892631531
1783095546722244949,45.560678008,-13.488890647888184,-1.81802499294281,6.317282199859619,0.29720685503579336,-0.7329534177379189,-0.13380737014763833,-0.06266061961650848,0.15554140508174896,0.3927488327026367,0.9042283892631531
1783095546722261151,45.56069421,0.0,0.0,0.0,0.0,0.0,0.0,0.0,1.0,0.0,0.0
1783095546777655233,45.616088292,-7.225657939910889,-0.4461473226547241,2.2483363151550293,-0.34354972086142355,-0.2738243832455416,-0.360708701263361,-0.06096116825938225,0.15548475086688995,0.3918507397174835,0.9047436714172363
1783095546777709456,45.616142515,-7.225657939910889,-0.4461473226547241,2.2483363151550293,-0.3451476175594216,0.4042164322935391,-0.07202203948075915,-0.06096116825938225,0.15548475086688995,0.3918507397174835,0.9047436714172363
1783095546777735256,45.616168315,1.1815812587738037,5.350214958190918,15.291947364807129,-0.3153202125301247,0.6721304120350304,0.10747502292768814,-0.06096116825938225,0.15548475086688995,0.3918507397174835,0.9047436714172363
1783095546777767915,45.616200974,-13.582263946533203,-3.6136763095855713,5.261439323425293,-0.41652033673666766,-0.3015212759889317,-0.1359378990783024,-0.06096116825938225,0.15548475086688995,0.3918507397174835,0.9047436714172363
1783095546777791498,45.616224557,-13.582263946533203,-3.6136763095855713,5.261439323425293,-0.3430170886287575,-0.185940064855649,-0.053912543570114616,-0.06096116825938225,0.15548475086688995,0.3918507397174835,0.9047436714172363
1783095546777815921,45.61624898,0.11137314140796661,1.8199645280838013,18.86170196533203,-0.1747052864615393,0.38983536201155666,0.136769795724319,-0.06096116825938225,0.15548475086688995,0.3918507397174835,0.9047436714172363
1783095546777839275,45.616272334,0.5818337798118591,-1.153633952140808,17.76994514465332,-0.06072199283220125,-0.2498559327755709,-0.060836762594772824,-0.06096116825938225,0.15548475086688995,0.3918507397174835,0.9047436714172363
1783095546777861777,45.616294836,-0.4201396405696869,-5.484745025634766,15.374547958374023,0.12356876383142949,-0.3771550530275059,-0.13380737014763833,-0.06096116825938225,0.15548475086688995,0.3918507397174835,0.9047436714172363
1783095546777891816,45.616324875,-0.4201396405696869,-5.484745025634766,15.374547958374023,0.32596899559975817,0.42871751499617583,0.10907291962568617,-0.06096116825938225,0.15548475086688995,0.3918507397174835,0.9047436714172363
1783095546777913730,45.616346789,3.853510618209839,-0.8016862273216248,18.75396156311035,0.3515353427677269,0.07238656798736859,-0.0315419877175473,-0.06096116825938225,0.15548475086688995,0.3918507397174835,0.9047436714172363
1783095546777934526,45.616367585,-9.060813903808594,-4.838310241699219,7.739438056945801,0.38881959905434804,-0.5039215576915321,-0.2035821926268864,-0.06096116825938225,0.15548475086688995,0.3918507397174835,0.9047436714172363
1783095546777955393,45.616388452,-0.6535742878913879,4.3877458572387695,15.755226135253906,0.5475440376783353,0.05907075800952888,0.08031077906172134,-0.06096116825938225,0.15548475086688995,0.3918507397174835,0.9047436714172363
1783095546777976046,45.616409105,-0.6535742878913879,4.3877458572387695,15.755226135253906,0.4346259710636254,0.059603390242194895,0.10587712622969009,-0.06096116825938225,0.15548475086688995,0.3918507397174835,0.9047436714172363
1783095546777997401,45.61643046,0.0,0.0,0.0,0.0,0.0,0.0,0.0,1.0,0.0,0.0
1783095547634358893,46.472791952,-11.61782169342041,-0.5574776530265808,8.974846839904785,0.37923221886635977,-0.138535787825995,0.14156349414069178,-0.06403063982725143,0.15709300339221954,0.39299359917640686,0.903757631778717
1783095547634412149,46.472845208,-12.009273529052734,0.49836525321006775,6.191586494445801,0.23382363599329473,-0.8357514386424599,-0.05444517580278063,-0.06403063982725143,0.15709300339221954,0.39299359917640686,0.903757631778717
1783095547634433724,46.472866783,0.12573835253715515,4.710963249206543,14.936408996582031,0.2961415905704613,-0.2024516640682955,0.20920778768927575,-0.06403063982725143,0.15709300339221954,0.39299359917640686,0.903757631778717
1783095547634452321,46.47288538,-2.8765904903411865,0.5558261275291443,8.849150657653809,0.33449111132241444,-0.13747054000542022,0.28271103579718593,-0.06403063982725143,0.15709300339221954,0.39299359917640686,0.903757631778717
1783095547634469600,46.472902659,-6.902441024780273,-3.9620325565338135,-0.31944501399993896,0.21411624338465216,-0.7808903186778603,-0.01929144636622894,-0.06403063982725143,0.15709300339221954,0.39299359917640686,0.903757631778717
1783095547634487027,46.472920086,5.415727138519287,2.2509207725524902,8.780916213989258,0.16298354904871465,-0.12788315981743195,0.11652977088301039,-0.06403063982725143,0.15709300339221954,0.39299359917640686,0.903757631778717
1783095547634567457,46.473000516,7.969142913818359,3.7520852088928223,9.937315940856934,0.08948029261842586,0.4042164322935391,0.17298879586798668,-0.06403063982725143,0.15709300339221954,0.39299359917640686,0.903757631778717
1783095547634590531,46.47302359,-4.5573201179504395,-4.170328140258789,-1.5009835958480835,-0.012785091892259837,-0.2674327964535494,-0.15777582061760903,-0.06403063982725143,0.15709300339221954,0.39299359917640686,0.903757631778717
1783095547634624774,46.473057833,-0.7756785750389099,-1.1859556436538696,4.061944007873535,0.05965289175031829,0.04575495219287849,-0.03527041542680407,-0.06403063982725143,0.15709300339221954,0.39299359917640686,0.903757631778717
1783095547634656405,46.473089464,7.401717185974121,8.119109153747559,12.357853889465332,-0.0692441085548575,0.8473664165821496,0.136769795724319,-0.06403063982725143,0.15709300339221954,0.39299359917640686,0.903757631778717
1783095547634666640,46.473099699,-6.629501819610596,3.7628591060638428,2.8409013748168945,-0.37497502258871845,0.11126872097198774,-0.17055899420159343,-0.06403063982725143,0.15709300339221954,0.39299359917640686,0.903757631778717
1783095547634676291,46.47310935,0.0,0.0,0.0,0.0,0.0,0.0,0.0,1.0,0.0,0.0
1783095547643176151,46.48160921,-6.130311012268066,4.384154796600342,9.610507011413574,-0.39201925403403093,0.28011312208235745,0.09043079148237564,-0.05957367271184921,0.1559240072965622,0.3943777084350586,0.9036619663238525
1783095547643202889,46.481635948,-12.759856224060059,-1.843164086341858,3.6992225646972656,-0.5257099444332008,-0.6045890496654092,-0.22595274639885904,-0.05957367271184921,0.1559240072965622,0.3943777084350586,0.9036619663238525
1783095547643225219,46.481658278,-0.9265131950378418,-0.5790255069732666,17.540102005004883,-0.16937896413487913,0.17411932442657757,0.15807509335333825,-0.05957367271184921,0.1559240072965622,0.3943777084350586,0.9036619663238525
1783095547643236908,46.481669967,1.5335289239883423,-0.553886353969574,18.12189292907715,0.007454932949048758,0.38930272977889063,0.2544815108211298,-0.05957367271184921,0.1559240072965622,0.3943777084350586,0.9036619663238525
1783095547643397545,46.481830604,-8.356919288635254,-6.213779449462891,5.85400390625,-0.12570312937864447,-0.5768921735667764,-0.20145166369622233,-0.05957367271184921,0.1559240072965622,0.3943777084350586,0.9036619663238525
1783095547643412630,46.481845689,-1.3933826684951782,-3.8076064586639404,13.550166130065918,0.05539183388899017,-0.062369391038322695,-0.013965124039568783,-0.05957367271184921,0.1559240072965622,0.3943777084350586,0.9036619663238525
1783095547643421653,46.481854712,4.647188186645508,-0.39946040511131287,19.917545318603516,0.30679423522378163,0.6470966970997277,0.2720583911438656,-0.05957367271184921,0.1559240072965622,0.3943777084350586,0.9036619663238525
1783095547643457822,46.481890881,-9.384031295776367,-5.1543450355529785,6.96012544631958,0.27590158237391,-0.31057602394425393,-0.09385996102006579,-0.05957367271184921,0.1559240072965622,0.3943777084350586,0.9036619663238525
1783095547643494920,46.481927979,-9.60669231414795,-2.2346160411834717,7.875907897949219,0.3302300534610863,-0.4751593838380528,-0.08160941966874743,-0.05957367271184921,0.1559240072965622,0.3943777084350586,0.9036619663238525
1783095547643578810,46.482011869,3.1998934745788574,6.722092628479004,18.269136428833008,0.39521118584634024,0.40954275462019923,0.2624710109558773,-0.05957367271184921,0.1559240072965622,0.3943777084350586,0.9036619663238525
1783095547643599499,46.482032558,-13.11180305480957,-1.6025468111038208,0.7543543577194214,0.242878383948617,-0.23121380463226035,0.06060338645307875,-0.05957367271184921,0.1559240072965622,0.3943777084350586,0.9036619663238525
1783095547643632552,46.482065611,-13.11180305480957,-1.6025468111038208,0.7543543577194214,0.2215730946419764,-0.804858769147831,-0.06190202706010485,-0.05957367271184921,0.1559240072965622,0.3943777084350586,0.9036619663238525
1783095547643725694,46.482158753,-13.11180305480957,-1.6025468111038208,0.7543543577194214,0.25779208646326546,0.15547719628326703,0.2656668043518734,-0.05957367271184921,0.1559240072965622,0.3943777084350586,0.9036619663238525
1783095547643776046,46.482209105,1.1923552751541138,6.4635186195373535,9.495585441589355,0.07350132563844539,0.04255915879688239,0.19535934963995935,-0.05957367271184921,0.1559240072965622,0.3943777084350586,0.9036619663238525
1783095547643791463,46.482224522,0.0,0.0,0.0,0.0,0.0,0.0,0.0,1.0,0.0,0.0
1783095548191136815,47.029569874,-1.705825924873352,0.43372178077697754,9.65001106262207,-0.2934822909908181,0.20021830382721234,-0.066695717154099,-0.06357033550739288,0.15576638281345367,0.4028181731700897,0.8996849656105042
1783095548191192588,47.029625647,-6.335014820098877,-2.223842144012451,11.003931999206543,-0.18642319558019163,0.11606241106598188,-0.039531473288132196,-0.06357033550739288,0.15576638281345367,0.4028181731700897,0.8996849656105042
1783095548191209548,47.029642607,-6.256006240844727,-0.38509517908096313,12.2034273147583,-0.05646093497087312,0.14482455162994673,0.02864545665430713,-0.06357033550739288,0.15576638281345367,0.4028181731700897,0.8996849656105042
1783095548191224749,47.029657808,-6.256006240844727,-0.38509517908096313,12.2034273147583,-0.0788314929040351,0.052679171217536694,0.023319134327646974,-0.06357033550739288,0.15576638281345367,0.4028181731700897,0.8996849656105042
1783095548191239057,47.029672116,-6.256006240844727,-0.38509517908096313,12.2034273147583,-0.08415781523069525,-0.13640526721770954,0.006274901842037142,-0.06357033550739288,0.15576638281345367,0.4028181731700897,0.8996849656105042
1783095548191253052,47.029686111,-5.983067512512207,-2.5865635871887207,12.659523010253906,0.052196040492994075,-0.12575262256438924,0.0653970765470729,-0.06357033550739288,0.15576638281345367,0.4028181731700897,0.8996849656105042
1783095548191266867,47.029699926,-4.521407127380371,-2.1771552562713623,10.975201606750488,0.18215830942469122,-0.09592521753509237,0.11599713865034439,-0.06357033550739288,0.15576638281345367,0.4028181731700897,0.8996849656105042
1783095548191280689,47.029713748,-4.521407127380371,-2.1771552562713623,10.975201606750488,0.19068042514734748,-0.23547486249358848,0.07551708896772719,-0.06357033550739288,0.15576638281345367,0.4028181731700897,0.8996849656105042
1783095548191294724,47.029727783,-2.8729991912841797,-1.9437205791473389,10.023507118225098,0.16085302011805058,-0.25837804849822715,0.03343914466770661,-0.06357033550739288,0.15576638281345367,0.4028181731700897,0.8996849656105042
1783095548191320004,47.029753063,-1.3036000728607178,-1.983224868774414,11.079349517822266,0.27909737576990606,-0.08793573404510213,0.1064097584623561,-0.06357033550739288,0.15576638281345367,0.4028181731700897,0.8996849656105042
1783095548191334030,47.029767089,-2.4133124351501465,0.01713070273399353,7.452133655548096,0.3291647889957543,-0.052249378617668395,0.09522448157636977,-0.06357033550739288,0.15576638281345367,0.4028181731700897,0.8996849656105042
1783095548191348430,47.029781489,-2.4133124351501465,0.01713070273399353,7.452133655548096,0.2737710534432459,-0.1822116392269869,0.004144372911373079,-0.06357033550739288,0.15576638281345367,0.4028181731700897,0.8996849656105042
1783095548191362178,47.029795237,0.0,0.0,0.0,0.0,0.0,0.0,0.0,1.0,0.0,0.0
1783095548448232478,47.286665537,0.6857119202613831,-0.08339355885982513,9.80846881866455,0.16672973463338472,-0.29511387667753225,-0.02199452373808909,-0.06972011178731918,0.15671974420547485,0.40511760115623474,0.8980299234390259
1783095548448277922,47.286710981,0.5133293867111206,0.4804409146308899,8.950146675109863,0.21839506120198823,0.09743610376445723,0.07814033600312185,-0.06972011178731918,0.15671974420547485,0.40511760115623474,0.8980299234390259
1783095548448306208,47.286739267,-4.036850929260254,-0.13008049130439758,4.622626304626465,0.1896329206380234,0.07666344669048263,0.05257398883515311,-0.06972011178731918,0.15671974420547485,0.40511760115623474,0.8980299234390259
1783095548448356156,47.286789215,-2.460268974304199,2.003153085708618,6.490103721618652,0.07351910223921061,-0.15130314056819344,-0.07632301147002268,-0.06972011178731918,0.15671974420547485,0.40511760115623474,0.8980299234390259
1783095548448383450,47.286816509,0.02132093906402588,4.1651177406311035,9.176399230957031,0.051148552628427275,0.08358766571514083,-0.0006892333911511303,-0.06972011178731918,0.15671974420547485,0.40511760115623474,0.8980299234390259
1783095548448409462,47.286842521,-4.568363666534424,2.3766486644744873,5.369617462158203,-0.00637573058009708,0.22952890578800775,0.049378195439157016,-0.06972011178731918,0.15671974420547485,0.40511760115623474,0.8980299234390259
1783095548448436169,47.286869228,-5.7894062995910645,1.1915189027786255,4.026470184326172,-0.15018644380289461,-0.08578938427265216,-0.06247457342070628,-0.06972011178731918,0.15671974420547485,0.40511760115623474,0.8980299234390259
1783095548448462803,47.286895862,-1.120713233947754,3.048222303390503,9.126120567321777,-0.2002538736735001,-0.014949299408666732,-0.037440858485403544,-0.06972011178731918,0.15671974420547485,0.40511760115623474,0.8980299234390259
1783095548448488789,47.286921848,-2.4135820865631104,1.974422812461853,8.555103302001953,-0.23008127870279696,0.3094237073983956,0.06375926572113944,-0.06972011178731918,0.15671974420547485,0.40511760115623474,0.8980299234390259
1783095548448512781,47.28694584,-6.091075897216797,-1.3906276226043701,5.6497392654418945,-0.31104137806803134,0.05535815322265268,-0.017200833644094946,-0.06972011178731918,0.15671974420547485,0.40511760115623474,0.8980299234390259
1783095548448536957,47.286970016,-2.2304255962371826,-1.3834450244903564,10.142459869384766,-0.3270203450480118,-0.11668205376728107,-0.09816093300932933,-0.06972011178731918,0.15671974420547485,0.40511760115623474,0.8980299234390259
1783095548448560710,47.286993769,0.6210684776306152,-0.7693323493003845,12.983180046081543,-0.2247549563761368,0.2726721332787123,0.024877112736520293,-0.06972011178731918,0.15671974420547485,0.40511760115623474,0.8980299234390259
1783095548448585057,47.287018116,-4.6401896476745605,-3.5490005016326904,9.172807693481445,-0.2002538736735001,0.27853105454852395,0.023279216038522246,-0.06972011178731918,0.15671974420547485,0.40511760115623474,0.8980299234390259
1783095548448610278,47.287043337,-4.769476413726807,-4.0984697341918945,10.562642097473145,-0.19279702241617586,-0.07140831399066973,-0.1327820198102417,-0.06972011178731918,0.15671974420547485,0.40511760115623474,0.8980299234390259
1783095548448635676,47.287068735,0.0,0.0,0.0,0.0,0.0,0.0,0.0,1.0,0.0,0.0
1783095549643398456,48.481831515,-2.7655296325683594,2.1934921741485596,6.533199310302734,0.04049590797510696,-0.0037640233029033994,-0.01293977578276682,-0.06526203453540802,0.15757426619529724,0.4015521705150604,0.8998149633407593
1783095549643426946,48.481860005,-1.2428175210952759,2.8147876262664795,7.980494976043701,0.005874810771221281,0.14057932293278314,0.04032344748383475,-0.06526203453540802,0.15757426619529724,0.4015521705150604,0.8998149633407593
1783095549643442725,48.481875784,-4.439076900482178,1.4572752714157104,5.233148097991943,-0.10438006347123863,-0.05223355777588249,-0.020929259272757055,-0.06526203453540802,0.15757426619529724,0.4015521705150604,0.8998149633407593
1783095549643457769,48.481890828,-4.439076900482178,1.4572752714157104,5.233148097991943,-0.20238440260416415,-0.062353570196536784,-0.05341982546538401,-0.06526203453540802,0.15757426619529724,0.4015521705150604,0.8998149633407593
1783095549643474612,48.481907671,-1.0632524490356445,2.1108922958374023,8.476095199584961,-0.17255699757486725,0.1560256576800976,0.02540974496918631,-0.06526203453540802,0.15757426619529724,0.4015521705150604,0.8998149633407593
1783095549643500932,48.481933991,-0.8046786189079285,1.0227277278900146,9.212311744689941,-0.19812334474283602,0.13472034340632105,-0.024657684901419164,-0.06526203453540802,0.15757426619529724,0.4015521705150604,0.8998149633407593
1783095549643527076,48.481960135,-2.158599615097046,-1.171558141708374,8.842408180236816,-0.2247549563761368,-0.005361920260975778,-0.1008240941726594,-0.06526203453540802,0.15757426619529724,0.4015521705150604,0.8998149633407593
1783095549643554150,48.481987209,-2.158599615097046,-1.171558141708374,8.842408180236816,-0.18107911329752352,0.20822361648136714,-0.039571387416067604,-0.06526203453540802,0.15757426619529724,0.4015521705150604,0.8998149633407593
1783095549643588503,48.482021562,-0.9950176477432251,-0.4030194878578186,11.675945281982422,-0.13420746017815688,0.31261950079439166,-0.014537672480764867,-0.06526203453540802,0.15757426619529724,0.4015521705150604,0.8998149633407593
1783095549643619202,48.482052261,-4.625824451446533,-1.534279704093933,10.217876434326172,-0.13527273296586753,0.047901301965328456,-0.07738827593535472,-0.06526203453540802,0.15757426619529724,0.4015521705150604,0.8998149633407593
1783095549643652202,48.482085261,-4.363659381866455,-0.780106246471405,12.764110565185547,-0.09372741881791831,0.0004970348184990585,-0.06513773458403635,-0.06526203453540802,0.15757426619529724,0.4015521705150604,0.8998149633407593
1783095549643682137,48.482115196,-4.6437811851501465,-0.47125422954559326,13.03345775604248,0.020255883133798364,0.1496340708881054,0.03819291855317068,-0.06526203453540802,0.15757426619529724,0.4015521705150604,0.8998149633407593
1783095549643711778,48.482144837,-6.949397087097168,-1.4121754169464111,10.598554611206055,0.028777998856454615,-0.013351402710668684,0.009430779029503168,-0.06526203453540802,0.15757426619529724,0.4015521705150604,0.8998149633407593
1783095549643743397,48.482176456,-5.30817174911499,-1.5953319072723389,11.280902862548828,0.04369170137110305,-0.2503727358440724,-0.048093503138723855,-0.06526203453540802,0.15757426619529724,0.4015521705150604,0.8998149633407593
1783095549643769594,48.482202653,0.0,0.0,0.0,0.0,0.0,0.0,0.0,1.0,0.0,0.0
1783095550990588404,49.829021463,-7.215153694152832,-1.351123332977295,7.790155410766602,-0.09639057998124839,-0.12680206618793535,-0.060344044490042215,-0.06420689076185226,0.15961776673793793,0.3996678292751312,0.9003695249557495
1783095550990662070,49.829095129,-7.028405666351318,-1.9508708715438843,8.07027816772461,-0.018093639698749425,-0.3015054634695244,-0.07206195360869457,-0.06420689076185226,0.15961776673793793,0.3996678292751312,0.9003695249557495
1783095550990687792,49.829120851,-4.288241863250732,-1.0458625555038452,9.535529136657715,0.10121597833784343,0.01328020684203744,0.06642243104565883,-0.06420689076185226,0.15961776673793793,0.3996678292751312,0.9003695249557495
1783095550990711323,49.829144382,-0.5927917957305908,-0.011567511595785618,13.209431648254395,0.16087078007405856,0.10489295502178145,0.0898582451217742,-0.06420689076185226,0.15961776673793793,0.3996678292751312,0.9003695249557495
1783095550990734250,49.829167309,-3.1426165103912354,-0.9165757298469543,9.671998977661133,0.10973809406049968,-0.2503727358440724,-0.055017722163382056,-0.06420689076185226,0.15961776673793793,0.3996678292751312,0.9003695249557495
1783095550990756231,49.82918929,-5.272258758544922,-1.4516798257827759,6.849234104156494,0.11826020978315593,-0.10443151241596271,-0.023059788203421118,-0.06420689076185226,0.15961776673793793,0.3996678292751312,0.9003695249557495
1783095550990778507,49.829211566,-1.052478551864624,0.8252059817314148,10.483633041381836,0.1587402511433945,0.23538786034733394,0.09145614181977225,-0.06420689076185226,0.15961776673793793,0.3996678292751312,0.9003695249557495
1783095550990799856,49.829232915,-1.903617262840271,1.277710199356079,9.81205940246582,0.08949806921919108,-0.06821252059467364,-0.002819762321815193,-0.06420689076185226,0.15961776673793793,0.3996678292751312,0.9003695249557495
1783095550990821475,49.829254534,-3.925520420074463,1.6547969579696655,7.319694519042969,-0.017028375233417395,-0.23492640109675791,-0.0699314246780305,-0.06420689076185226,0.15961776673793793,0.3996678292751312,0.9003695249557495
1783095550990842729,49.829275788,-3.925520420074463,1.6547969579696655,7.319694519042969,0.030908527787118677,0.11448033520976973,0.082934026097116,-0.06420689076185226,0.15961776673793793,0.3996678292751312,0.9003695249557495
1783095550990864708,49.829297767,0.0,0.0,0.0,0.0,0.0,0.0,0.0,1.0,0.0,0.0
1783095551319583265,50.158016324,-2.998964309692383,1.4105883836746216,12.347518920898438,0.014396927534174861,0.14697090972477533,0.06109610455780936,-0.06493473798036575,0.15974849462509155,0.40009748935699463,0.9001032710075378
1783095551319611711,50.15804477,-4.719198226928711,0.39424967765808105,10.914589881896973,0.023451676529794456,0.016476000238033535,0.04192134418183279,-0.06493473798036575,0.15974849462509155,0.40009748935699463,0.9001032710075378
1783095551319625120,50.158058179,-7.168466567993164,-0.8375670909881592,7.987677097320557,-0.01489784630275333,-0.2562317070481558,-0.03531032955473948,-0.06493473798036575,0.15974849462509155,0.40009748935699463,0.9001032710075378
1783095551319639382,50.158072441,-3.433511972427368,0.1392671912908554,10.26456356048584,0.014929559766840876,-0.04957039661255241,0.03446449292450857,-0.06493473798036575,0.15974849462509155,0.40009748935699463,0.9001032710075378
1783095551319661871,50.15809493,-1.6486347913742065,0.30087581276893616,11.733406066894531,0.06286646174707962,0.089446620274467,0.08719508395844412,-0.06493473798036575,0.15974849462509155,0.40009748935699463,0.9001032710075378
1783095551319683105,50.158116164,-4.895172119140625,-1.7210274934768677,8.037956237792969,0.05008328816309524,-0.19231582248347664,0.006767617866173089,-0.06493473798036575,0.15974849462509155,0.40009748935699463,0.9001032710075378
1783095551319703977,50.158137036,-3.6274423599243164,-1.1643755435943604,8.203156471252441,0.04156117244043899,-0.16142315298884774,-0.025722949366751197,-0.06493473798036575,0.15974849462509155,0.40009748935699463,0.9001032710075378
1783095551319737692,50.158170751,0.0,0.0,0.0,0.0,0.0,0.0,0.0,1.0,0.0,0.0
1783095551644331132,50.482764191,-3.523294448852539,0.34038013219833374,11.704675674438477,0.05434434602442337,0.22313731899601558,0.05949820785981131,-0.06516479700803757,0.15761932730674744,0.4022143483161926,0.8995183706283569
1783095551644379544,50.482812603,-7.283388137817383,-0.5251237750053406,8.573060035705566,0.035702217881112816,-0.025069313909915687,0.005169721168175042,-0.06516479700803757,0.15761932730674744,0.4022143483161926,0.8995183706283569
1783095551644405316,50.482838375,-5.933058738708496,0.2541888654232025,9.460111618041992,-0.002114672458694622,-0.21841480188411141,-0.02199452373808909,-0.06516479700803757,0.15761932730674744,0.4022143483161926,0.8995183706283569
1783095551644439590,50.482872649,-2.858903646469116,0.9724493622779846,12.002754211425781,0.06819277991255046,-0.03465669409790397,0.07867296823578787,-0.06516479700803757,0.15761932730674744,0.4022143483161926,0.8995183706283569
1783095551644466820,50.482899879,-3.681311845779419,0.11412808299064636,9.804877281188965,0.09056333368452311,-0.016547196106664778,0.0898582451217742,-0.06516479700803757,0.15761932730674744,0.4022143483161926,0.8995183706283569
1783095551644491563,50.482924622,-4.773067951202393,-0.8914366364479065,7.646503448486328,0.05008328816309524,-0.2647537894812975,-0.00441765901981324,-0.06516479700803757,0.15761932730674744,0.4022143483161926,0.8995183706283569
1783095551644535191,50.48296825,-0.8944612145423889,-0.24500218033790588,9.7186861038208,0.05647487495508743,-0.13266102906964017,0.005169721168175042,-0.06516479700803757,0.15761932730674744,0.4022143483161926,0.8995183706283569
1783095551644569932,50.483002991,-0.42040926218032837,0.020754210650920868,9.883885383605957,0.11293388745649577,0.13258983112041428,0.08879298065644217,-0.06516479700803757,0.15761932730674744,0.4022143483161926,0.8995183706283569
1783095551644598013,50.483031072,-4.094311714172363,-0.7693323493003845,6.587069034576416,0.07671489563520671,-0.037852487493900064,0.012093940192833245,-0.06516479700803757,0.15761932730674744,0.4022143483161926,0.8995183706283569
1783095551644624495,50.483057554,-2.578782081604004,0.5307191610336304,7.452572822570801,-0.0031799369240266533,-0.12307364055927325,-0.05608298662871409,-0.06516479700803757,0.15761932730674744,0.4022143483161926,0.8995183706283569
1783095551644646979,50.483080038,-0.8693220615386963,1.6763447523117065,10.059859275817871,0.04156117244043899,0.12779614102642012,0.037127654087838656,-0.06516479700803757,0.15761932730674744,0.4022143483161926,0.8995183706283569
1783095551644669259,50.483102318,-3.3437294960021973,1.3136231899261475,8.08105182647705,0.023451676529794456,0.13791615344707442,0.03819291855317068,-0.06516479700803757,0.15761932730674744,0.4022143483161926,0.8995183706283569
1783095551644690003,50.483123062,-5.387180805206299,0.7713364362716675,6.195617198944092,-0.07135686504594566,-0.11508415706928302,-0.061941941188040264,-0.06516479700803757,0.15761932730674744,0.4022143483161926,0.8995183706283569
1783095551644710789,50.483143848,-2.6541993618011475,1.6512056589126587,8.878320693969727,-0.10438006347123863,0.014878103540035487,-0.023059788203421118,-0.06516479700803757,0.15761932730674744,0.4022143483161926,0.8995183706283569
1783095551644731493,50.483164552,0.0,0.0,0.0,0.0,0.0,0.0,0.0,1.0,0.0,0.0
1783095551859700974,50.698134033,-4.56118106842041,-2.119662046432495,8.221112251281738,-0.09372741881791831,-0.1502378761028614,-0.07845354040068675,-0.06532523036003113,0.1574132740497589,0.4030420780181885,0.8991722464561462
1783095551860519659,50.698952718,0.0,0.0,0.0,0.0,0.0,0.0,0.0,1.0,0.0,0.0
1783095551922615926,50.761048985,-4.155364036560059,-0.15521961450576782,5.9154953956604,-0.03673576576146532,-0.11827995046527912,-0.09176934621733714,-0.06697510182857513,0.15809711813926697,0.40305235981941223,0.8989262580871582
1783095551922653477,50.761086536,-1.0057915449142456,1.7014838457107544,9.521163940429688,-0.015963110768085362,0.23911628597599605,0.03020343506318045,-0.06697510182857513,0.15809711813926697,0.40305235981941223,0.8989262580871582
1783095551922680099,50.761113158,-2.4782254695892334,1.712257742881775,9.248225212097168,-0.03833366245946336,0.18212463708073237,0.023811848271188263,-0.06697510182857513,0.15809711813926697,0.40305235981941223,0.8989262580871582
1783095551922716197,50.761149256,-6.985310077667236,0.16799761354923248,5.911904335021973,-0.1363380057535782,-0.1560968306621876,-0.0736598503066926,-0.06697510182857513,0.15809711813926697,0.40305235981941223,0.8989262580871582
1783095551922746955,50.761180014,-3.9111552238464355,1.256162405014038,8.619747161865234,-0.12462008831254721,0.004758092679827184,-0.006015556758108617,-0.06697510182857513,0.15809711813926697,0.40305235981941223,0.8989262580871582
1783095551922769799,50.761202858,-1.4475218057632446,1.6404317617416382,11.747771263122559,-0.08094424523393394,0.204495190852705,0.08186876163178397,-0.06697510182857513,0.15809711813926697,0.40305235981941223,0.8989262580871582
1783095551922790681,50.76122374,-4.011711597442627,-0.151628315448761,8.813677787780762,-0.12142429491655113,-0.08951780990131426,-0.037440858485403544,-0.06697510182857513,0.15809711813926697,0.40305235981941223,0.8989262580871582
1783095551922812076,50.761245135,-5.017276287078857,-1.677931785583496,7.944581508636475,-0.11609797258989096,-0.14437892154353524,-0.0731272180740266,-0.06697510182857513,0.15809711813926697,0.40305235981941223,0.8989262580871582
1783095551922832572,50.761265631,-0.6071569919586182,-0.4532977342605591,11.99557113647461,-0.018093639698749425,0.23325733141666988,0.06322663348847342,-0.06697510182857513,0.15809711813926697,0.40305235981941223,0.8989262580871582
1783095551922853394,50.761286453,-1.957486629486084,-0.7441932559013367,11.148024559020996,-0.005310466114765049,0.11874139307109786,0.014757101356163324,-0.06697510182857513,0.15809711813926697,0.40305235981941223,0.8989262580871582
1783095551922874057,50.761307116,-6.478936672210693,-2.216627359390259,7.808111667633057,-0.04365998478612352,-0.18592423569148447,-0.08910618505400707,-0.06697510182857513,0.15809711813926697,0.40305235981941223,0.8989262580871582
1783095551922894754,50.761327813,-3.1785295009613037,-0.6867324113845825,10.83917236328125,0.047952759232431176,0.04310761187133432,0.017952893711862088,-0.06697510182857513,0.15809711813926697,0.40305235981941223,0.8989262580871582
1783095551922915158,50.761348217,-5.376406669616699,-0.3491499423980713,9.10816478729248,0.12145600317915202,0.17786357921940424,0.07760770377045584,-0.06697510182857513,0.15809711813926697,0.40305235981941223,0.8989262580871582
1783095551922936333,50.761369392,0.0,0.0,0.0,0.0,0.0,0.0,0.0,1.0,0.0,0.0
1783095551985011128,50.823444187,-5.376406669616699,-0.3491499423980713,9.10816478729248,0.05807277165308548,-0.17900001666682627,-0.04223454857939768,-0.06647036969661713,0.15805572271347046,0.40314269065856934,0.8989304900169373
1783095551985088512,50.823521571,-6.213180065155029,-0.6580019593238831,7.912259578704834,0.05381171379175735,-0.18805476462214854,-0.04223454857939768,-0.06647036969661713,0.15805572271347046,0.40314269065856934,0.8989304900169373
1783095551985108408,50.823541467,-1.8784780502319336,1.0478668212890625,11.53947639465332,0.12678233382819082,0.1491014386554394,0.10636984433442069,-0.06647036969661713,0.15805572271347046,0.40314269065856934,0.8989304900169373
1783095551985118089,50.823551148,-6.6082234382629395,-0.5610368251800537,6.2027997970581055,0.09056333368452311,-0.06767989668438626,0.037660286320504666,-0.06647036969661713,0.15805572271347046,0.40314269065856934,0.8989304900169373
1783095551985126970,50.823560029,-6.6082234382629395,-0.5610368251800537,6.2027997970581055,0.002146385142559171,-0.32334338500883103,-0.04862613537138987,-0.06647036969661713,0.15805572271347046,0.40314269065856934,0.8989304900169373
1783095551985136362,50.823569421,-6.6082234382629395,-0.5610368251800537,6.2027997970581055,0.0618012014429369,-0.00642718472630781,0.056835046696481234,-0.06647036969661713,0.15805572271347046,0.40314269065856934,0.8989304900169373
1783095551985145613,50.823578672,0.200886070728302,1.1627885103225708,11.033102989196777,0.0799106890312028,0.12726351711613273,0.07760770377045584,-0.06647036969661713,0.15805572271347046,0.40314269065856934,0.8989304900169373
1783095551985154217,50.823587276,-3.2108511924743652,-0.5502628684043884,6.389547348022461,0.0010811206772271395,-0.1768694877361622,-0.058746147792044165,-0.06647036969661713,0.15805572271347046,0.40314269065856934,0.8989304900169373
1783095551985163483,50.823596542,-3.2108511924743652,-0.5502628684043884,6.389547348022461,-0.00637573058009708,-0.0389177519592321,-0.05022403206938792,-0.06647036969661713,0.15805572271347046,0.40314269065856934,0.8989304900169373
1783095551985257168,50.823690227,-3.2108511924743652,-0.5502628684043884,6.389547348022461,0.023451676529794456,0.3131521330270577,0.060030840092477326,-0.06647036969661713,0.15805572271347046,0.40314269065856934,0.8989304900169373
1783095551985280635,50.823713694,-2.704477548599243,1.0694146156311035,8.289347648620605,-0.04472524925145555,0.04736866973266245,-0.019863994807425026,-0.06647036969661713,0.15805572271347046,0.40314269065856934,0.8989304900169373
1783095551985303956,50.823737015,-2.6937036514282227,1.6260665655136108,9.460111618041992,-0.13953379082719566,-0.1534336694988575,-0.09816093300932933,-0.06647036969661713,0.15805572271347046,0.40314269065856934,0.8989304900169373
1783095551985323602,50.823756661,-2.6937036514282227,1.6260665655136108,9.460111618041992,-0.07029159225823499,0.1634825089374218,0.04564976981049491,-0.06647036969661713,0.15805572271347046,0.40314269065856934,0.8989304900169373
1783095551985332555,50.823765614,0.0,0.0,0.0,0.0,0.0,0.0,0.0,1.0,0.0,0.0
1783095552640317074,51.478750133,-2.1621909141540527,1.2310231924057007,10.271746635437012,-0.012767317372089268,-0.5374615425405693,-0.17752312735418702,-0.06677274405956268,0.15776634216308594,0.4050295352935791,0.8981103897094727
1783095552640382604,51.478815663,2.5100936889648438,3.8131697177886963,14.175492286682129,0.13690233792646647,0.2412468149066601,0.13886040220466903,-0.06677274405956268,0.15776634216308594,0.4050295352935791,0.8981103897094727
1783095552640407696,51.478840755,-7.969327449798584,-0.6651845574378967,3.5272793769836426,0.08204121796186686,0.24710576946598628,0.1308709270370574,-0.06677274405956268,0.15776634216308594,0.4050295352935791,0.8981103897094727
1783095552640431757,51.478864816,-5.110650062561035,-0.5825846195220947,5.287017345428467,-0.10118427007524253,-0.5246783689565849,-0.17539259842352298,-0.06677274405956268,0.15776634216308594,0.4050295352935791,0.8981103897094727
1783095552640454642,51.478887701,4.043580055236816,3.4504480361938477,14.645953178405762,-0.00637573058009708,0.010617047759302022,0.014757101356163324,-0.06677274405956268,0.15776634216308594,0.4050295352935791,0.8981103897094727
1783095552640494176,51.478927235,-4.123042106628418,0.08539766073226929,6.734312534332275,0.04582223030176712,0.4979755510516797,0.17561204290338137,-0.06677274405956268,0.15776634216308594,0.4050295352935791,0.8981103897094727
1783095552640571163,51.479004222,0.0,0.0,0.0,0.0,0.0,0.0,0.0,1.0,0.0,0.0
1783095552858260047,51.696693106,3.8173277378082275,2.8183789253234863,16.121976852416992,-0.02128943309474552,-0.4767414680166436,-0.14556519339422608,-0.06618984788656235,0.1571045219898224,0.4055544435977936,0.8980326056480408
1783095552858362837,51.696795896,-5.706806659698486,-1.0638190507888794,6.543973445892334,0.1624686767720566,0.3312616289377022,0.1660246627153931,-0.06618984788656235,0.1571045219898224,0.4055544435977936,0.8980326056480408
1783095552858419259,51.696852318,-7.240292549133301,-1.6994796991348267,3.979783773422241,0.141696019698082,0.13045931051212883,0.08186876163178397,-0.06618984788656235,0.1571045219898224,0.4055544435977936,0.8980326056480408
1783095552858433898,51.696866957,2.506502389907837,3.35707426071167,13.561379432678223,0.008537971934551358,-0.5166889187561093,-0.18284944968084718,-0.06618984788656235,0.1571045219898224,0.4055544435977936,0.8980326056480408
1783095552858446709,51.696879768,-2.506955862045288,1.7553534507751465,9.140485763549805,0.08417174689253093,0.14057932293278314,0.05204135660248709,-0.06618984788656235,0.1571045219898224,0.4055544435977936,0.8980326056480408
1783095552858459324,51.696892383,-10.26776123046875,-1.5881493091583252,1.9722453355789185,0.09588965601118327,0.41808068286226274,0.15856781145806886,-0.06618984788656235,0.1571045219898224,0.4055544435977936,0.8980326056480408
1783095552858502373,51.696935432,-0.4778701066970825,2.426926851272583,10.763754844665527,-0.07348739397660971,-0.39311820748807913,-0.11467253222197582,-0.06618984788656235,0.1571045219898224,0.4055544435977936,0.8980326056480408
1783095552858556601,51.69698966,-0.4778701066970825,2.426926851272583,10.763754844665527,-0.06922633195409227,-0.204566363834795,-0.05927878002471018,-0.06618984788656235,0.1571045219898224,0.4055544435977936,0.8980326056480408
1783095552858619156,51.697052215,2.0899112224578857,3.2960221767425537,13.23457145690918,0.028777998856454615,0.44790808789155967,0.18573205532403567,-0.06618984788656235,0.1571045219898224,0.4055544435977936,0.8980326056480408
1783095552858690573,51.697123632,-7.739483833312988,-1.713844895362854,3.56319260597229,-0.09053162542192221,-0.11295362813861895,-0.03158190392607737,-0.06618984788656235,0.1571045219898224,0.4055544435977936,0.8980326056480408
1783095552858775363,51.697208422,-3.6705379486083984,-0.8339757919311523,6.827686309814453,-0.15764329506021882,-0.3457139387808037,-0.1663378504682007,-0.06618984788656235,0.1571045219898224,0.4055544435977936,0.8980326056480408
1783095552858847134,51.697280193,3.325319290161133,2.6352224349975586,14.904526710510254,-0.010636788441425205,0.4404512366342354,0.12980567089410402,-0.06618984788656235,0.1571045219898224,0.4055544435977936,0.8980326056480408
1783095552858921632,51.697354691,-5.175293922424316,-0.8555235862731934,7.348425388336182,-0.04685577818211961,0.24763841834340955,0.053106621067819125,-0.06618984788656235,0.1571045219898224,0.4055544435977936,0.8980326056480408
1783095552859025846,51.697458905,-8.328458786010742,-2.3602793216705322,4.493339538574219,-0.17042646864420322,-0.39205294302274707,-0.18711050754217531,-0.06618984788656235,0.1571045219898224,0.4055544435977936,0.8980326056480408
1783095552859178457,51.697611516,0.0,0.0,0.0,0.0,0.0,0.0,0.0,1.0,0.0,0.0
1783095552925677697,51.764110756,0.7288075685501099,1.730214238166809,14.329917907714844,-0.04525788148412156,0.16028671554142573,0.044584505345162874,-0.06537462025880814,0.1576395481824875,0.4058336019515991,0.8978725075721741
1783095552925852008,51.764285067,-1.4547044038772583,1.0191364288330078,12.552223205566406,0.02291904429712844,0.41808068286226274,0.1330014642901001,-0.06537462025880814,0.1576395481824875,0.4058336019515991,0.8978725075721741
1783095552925890644,51.764323703,-9.808074951171875,-2.676314115524292,4.938661098480225,-0.07561792290727377,-0.3254739139394951,-0.11946622231596996,-0.06537462025880814,0.1576395481824875,0.4058336019515991,0.8978725075721741
1783095552925927789,51.764360848,-2.909181833267212,-0.018750116229057312,11.126476287841797,-0.02981154673680711,-0.17793475220149424,-0.07206195360869457,-0.06537462025880814,0.1576395481824875,0.4058336019515991,0.8978725075721741
1783095552925956306,51.764389365,-8.587032318115234,-2.058609962463379,6.019643306732178,0.08736754028852702,0.426070166352253,0.1766773073687134,-0.06537462025880814,0.1576395481824875,0.4058336019515991,0.8978725075721741
1783095552925972345,51.764405404,-8.587032318115234,-2.058609962463379,6.019643306732178,0.006407443003887296,-0.12307364055927325,0.0030391922375109797,-0.06537462025880814,0.1576395481824875,0.4058336019515991,0.8978725075721741
1783095552925987027,51.764420086,-6.1449456214904785,-1.325984239578247,7.585451126098633,-0.04365998478612352,-0.4527730175466729,-0.12159675124663402,-0.06537462025880814,0.1576395481824875,0.4058336019515991,0.8978725075721741
1783095552926017984,51.764451043,1.921120047569275,1.8630924224853516,15.367804527282715,0.12039073871381999,0.20928888094669917,0.14205621224542236,-0.06537462025880814,0.1576395481824875,0.4058336019515991,0.8978725075721741
1783095552926077828,51.764510887,-7.394718647003174,-2.4177403450012207,4.453835487365723,0.12997812722418692,0.1064908517197795,0.08612981949311209,-0.06537462025880814,0.1576395481824875,0.4058336019515991,0.8978725075721741
1783095552926115911,51.76454897,-7.394718647003174,-2.4177403450012207,4.453835487365723,0.020255883133798364,-0.4298698315420342,-0.13171677198966694,-0.06537462025880814,0.1576395481824875,0.4058336019515991,0.8978725075721741
1783095552926182549,51.764615608,-7.394718647003174,-2.4177403450012207,4.453835487365723,0.08949806921919108,0.05429288875732065,0.027540273899850372,-0.06537462025880814,0.1576395481824875,0.4058336019515991,0.8978725075721741
1783095552926221636,51.764654695,-0.2588006556034088,1.733805537223816,11.345545768737793,0.12891285443647624,0.3536321827096749,0.1361972576860962,-0.06537462025880814,0.1576395481824875,0.4058336019515991,0.8978725075721741
1783095552926260980,51.764694039,-3.455059766769409,1.180745005607605,7.869163990020752,0.010668500865215421,-0.27380855408137705,-0.07419248253935862,-0.06537462025880814,0.1576395481824875,0.4058336019515991,0.8978725075721741
1783095552926289859,51.764722918,0.0,0.0,0.0,0.0,0.0,0.0,0.0,1.0,0.0,0.0
1783095552996721280,51.835154339,-3.455059766769409,1.180745005607605,7.869163990020752,-0.04472524925145555,-0.22374112421077158,-0.07206195360869457,-0.06684289127588272,0.15721671283245087,0.40607750415802,0.8977282643318176
1783095552996962711,51.83539577,-3.455059766769409,1.180745005607605,7.869163990020752,0.05061592039576126,0.3296637322397042,0.15377412136407473,-0.06684289127588272,0.15721671283245087,0.40607750415802,0.8977282643318176
1783095552996998490,51.835431549,-4.870032787322998,0.2541888654232025,6.375182151794434,-0.04472524925145555,-0.017079828339330794,0.0035718244701769953,-0.06684289127588272,0.15721671283245087,0.40607750415802,0.8977282643318176
1783095552997033339,51.835466398,1.1418073177337646,2.092935800552368,12.164362907409668,-0.11929376598588706,-0.3244086494741631,-0.1269230818956728,-0.06684289127588272,0.15721671283245087,0.40607750415802,0.8977282643318176
1783095552997047225,51.835480284,1.1418073177337646,2.092935800552368,12.164362907409668,-0.0330073401328032,0.24018155044132808,0.08027086493378592,-0.06684289127588272,0.15721671283245087,0.40607750415802,0.8977282643318176
1783095552997059742,51.835492801,-1.9107998609542847,0.677962601184845,9.420607566833496,-0.05750842283543993,0.25296472402531245,0.0728140136764617,-0.06684289127588272,0.15721671283245087,0.40607750415802,0.8977282643318176
1783095552997089106,51.835522165,-7.843631744384766,-1.9544621706008911,4.665722370147705,-0.15977382399088289,-0.26102538049739266,-0.10561778426665355,-0.06684289127588272,0.15721671283245087,0.40607750415802,0.8977282643318176
1783095552997291465,51.835724524,0.38404250144958496,1.2130666971206665,13.468005180358887,-0.1033147990059066,0.017541264703365565,-0.013472408015432836,-0.06684289127588272,0.15721671283245087,0.40607750415802,0.8977282643318176
1783095552997321357,51.835754416,0.38404250144958496,1.2130666971206665,13.468005180358887,0.0032116496078912022,0.34937112484834676,0.10583721210175467,-0.06684289127588272,0.15721671283245087,0.40607750415802,0.8977282643318176
1783095552997343877,51.835776936,-6.141354084014893,-1.473227620124817,7.398703575134277,-0.05963895176610399,-0.09803992562397051,-0.05714825109404612,-0.06684289127588272,0.15721671283245087,0.40607750415802,0.8977282643318176
1783095552997355618,51.835788677,-5.300989151000977,-1.3116189241409302,8.124147415161133,-0.07348739397660971,-0.17793475220149424,-0.09869356524199534,-0.06684289127588272,0.15721671283245087,0.40607750415802,0.8977282643318176
1783095552997366966,51.835800025,-5.0603718757629395,-0.3276021182537079,9.736641883850098,0.037300114579110866,0.31155423632905965,0.11116353442841483,-0.06684289127588272,0.15721671283245087,0.40607750415802,0.8977282643318176
1783095552997412815,51.835845874,-5.0603718757629395,-0.3276021182537079,9.736641883850098,0.01919061866846633,0.06654343426982832,0.04138871194916678,-0.06684289127588272,0.15721671283245087,0.40607750415802,0.8977282643318176
1783095552997462555,51.835895614,0.0,0.0,0.0,0.0,0.0,0.0,0.0,1.0,0.0,0.0
1783095553444354801,52.28278786,-1.706095576286316,1.1196928024291992,10.867902755737305,-0.10278216677324058,-0.2008379382061329,-0.0731272180740266,-0.06581249833106995,0.15659262239933014,0.40841564536094666,0.8968523740768433
1783095553444456121,52.28288918,-2.0149474143981934,0.21468454599380493,11.338363647460938,0.011733765330547452,0.4063627737436104,0.12341407577973319,-0.06581249833106995,0.15659262239933014,0.40841564536094666,0.8968523740768433
1783095553444516076,52.282949135,-7.638927459716797,-2.590122699737549,6.209982395172119,-0.020224168629413487,-0.008025081424305858,-0.0038850267871472243,-0.06581249833106995,0.15659262239933014,0.40841564536094666,0.8968523740768433
1783095553444580285,52.283013344,-7.638927459716797,-2.590122699737549,6.209982395172119,-0.04579051371678758,-0.3409202486868096,-0.14556519339422608,-0.06581249833106995,0.15659262239933014,0.40841564536094666,0.8968523740768433
1783095553444644914,52.283077973,-7.638927459716797,-2.590122699737549,6.209982395172119,0.07245383777387858,0.3040973850717354,0.10423931540375662,-0.06581249833106995,0.15659262239933014,0.40841564536094666,0.8968523740768433
1783095553444689747,52.283122806,1.666137456893921,2.2581355571746826,15.220561027526855,0.051148552628427275,0.1874509594073925,0.08879298065644217,-0.06581249833106995,0.15659262239933014,0.40841564536094666,0.8968523740768433
1783095553444742504,52.283175563,-8.780961990356445,-2.4644272327423096,5.279834747314453,-0.04579051371678758,-0.4628930299673272,-0.13544518097357178,-0.06581249833106995,0.15659262239933014,0.40841564536094666,0.8968523740768433
1783095553444797059,52.283230118,-8.780961990356445,-2.4644272327423096,5.279834747314453,0.0831064824271989,-0.0069598169589738254,0.05417188553315116,-0.06581249833106995,0.15659262239933014,0.40841564536094666,0.8968523740768433
1783095553444846683,52.283279742,0.46664246916770935,1.733805537223816,14.319144248962402,0.12784758164876558,0.29131421148775105,0.14684990233941653,-0.06581249833106995,0.15659262239933014,0.40841564536094666,0.8968523740768433
1783095553444913853,52.283346912,-0.7364438772201538,1.521918773651123,11.963250160217285,0.012799030836176815,-0.36435606692411426,-0.10295462310332347,-0.06581249833106995,0.15659262239933014,0.40841564536094666,0.8968523740768433
1783095553444980921,52.28341398,-1.5337131023406982,0.14644980430603027,10.020355224609375,0.055409610489755394,-0.19604424811213877,-0.04383244527739573,-0.06581249833106995,0.15659262239933014,0.40841564536094666,0.8968523740768433
1783095553445043714,52.283476773,-1.5337131023406982,0.14644980430603027,10.020355224609375,0.12358654043219472,0.4218091084909249,0.162828869319397,-0.06581249833106995,0.15659262239933014,0.40841564536094666,0.8968523740768433
1783095553445101104,52.283534163,1.985763430595398,2.7214136123657227,13.205840110778809,0.00960323639988339,-0.11934521493061115,-0.00921135015410471,-0.06581249833106995,0.15659262239933014,0.40841564536094666,0.8968523740768433
1783095553445160796,52.283593855,-7.965735912322998,-1.3188015222549438,4.15216588973999,-0.053247364974111804,-0.3925855752554131,-0.13118412311224367,-0.06581249833106995,0.15659262239933014,0.40841564536094666,0.8968523740768433
1783095553445217695,52.283650754,0.0,0.0,0.0,0.0,0.0,0.0,0.0,1.0,0.0,0.0
1783095553839651391,52.67808445,-1.537304401397705,1.080188512802124,9.61812973022461,0.022386412064462426,0.3019668561410713,0.11702248898774101,-0.06663110852241516,0.15660500526428223,0.4092191159725189,0.8964233994483948
1783095553839740412,52.678173471,4.2159624099731445,3.73056960105896,15.378578186035156,0.02185377983179641,0.3658827240609932,0.12341407577973319,-0.06663110852241516,0.15660500526428223,0.4092191159725189,0.8964233994483948
1783095553839851442,52.678284501,-8.112979888916016,-1.800036072731018,4.0372443199157715,-0.13207693956987143,-0.4644909266653252,-0.20095894559149172,-0.06663110852241516,0.15660500526428223,0.4092191159725189,0.8964233994483948
1783095553839890408,52.678323467,-6.112623691558838,-1.3367581367492676,5.243921756744385,-0.061769480696768055,0.051097095361324556,-0.008146085688772679,-0.06663110852241516,0.15660500526428223,0.4092191159725189,0.8964233994483948
1783095553839940365,52.678373424,3.6485366821289062,3.619239330291748,15.82390022277832,0.006407443003887296,0.5720113981027413,0.17401414620538333,-0.06663110852241516,0.15660500526428223,0.4092191159725189,0.8964233994483948
1783095553840002912,52.678435971,-5.117832660675049,-0.13008049130439758,8.167243003845215,-0.13207693956987143,-0.28605912872220995,-0.10455251980132152,-0.06663110852241516,0.15660500526428223,0.4092191159725189,0.8964233994483948
1783095553840062918,52.678495977,-10.285717964172363,-3.0821311473846436,3.013723134994507,-0.11822850152055503,-0.3047012568655205,-0.1077483131973176,-0.06663110852241516,0.15660500526428223,0.4092191159725189,0.8964233994483948
1783095553840151654,52.678584713,1.2675029039382935,2.031883478164673,14.861431121826172,0.042626436905771024,0.5080955301828194,0.17774257183404543,-0.06663110852241516,0.15660500526428223,0.4092191159725189,0.8964233994483948
1783095553840211919,52.678644978,0.7611292600631714,1.687118649482727,13.859457969665527,-0.020224168629413487,-0.019742989502660874,0.0030391922375109797,-0.06663110852241516,0.15660500526428223,0.4092191159725189,0.8964233994483948
1783095553840282631,52.67871569,-10.364727020263672,-3.9512264728546143,3.3333492279052734,-0.06709580302342821,-0.4857962159719658,-0.18711050754217531,-0.06663110852241516,0.15660500526428223,0.4092191159725189,0.8964233994483948
1783095553840357815,52.678790874,2.883589267730713,2.804013729095459,16.136341094970703,0.07671489563520671,0.36321956289766316,0.1308709270370574,-0.06663110852241516,0.15660500526428223,0.4092191159725189,0.8964233994483948
1783095553840424566,52.678857625,2.883589267730713,2.804013729095459,16.136341094970703,0.06712751544721843,0.2726721332787123,0.11702248898774101,-0.06663110852241516,0.15660500526428223,0.4092191159725189,0.8964233994483948
1783095553840490101,52.67892316,-9.003623008728027,-2.1124794483184814,5.340887069702148,-0.07029159225823499,-0.5619626252432061,-0.18071892075018312,-0.06663110852241516,0.15660500526428223,0.4092191159725189,0.8964233994483948
1783095553840555096,52.678988155,0.0,0.0,0.0,0.0,0.0,0.0,0.0,1.0,0.0,0.0
1783095553907514564,52.745947623,-3.3365468978881836,0.304467111825943,9.2015380859375,0.15288129658406832,0.42979859198091513,0.19105837765069583,-0.06682755798101425,0.1570015400648117,0.4094937741756439,0.896213948726654
1783095553907559707,52.745992766,0.0,0.0,0.0,0.0,0.0,0.0,0.0,1.0,0.0,0.0
1783095554244631576,53.083064635,0.2942599356174469,1.708666443824768,12.993953704833984,0.10228124280317547,0.17147199242741204,0.11222879889374686,-0.0670594871044159,0.1559404581785202,0.4100675582885742,0.8961195349693298
1783095554244671698,53.083104757,0.21884259581565857,2.0642054080963135,11.819598197937012,0.086834908055861,0.20822361648136714,0.09944562530976249,-0.0670594871044159,0.1559404581785202,0.4100675582885742,0.8961195349693298
1783095554244684767,53.083117826,-8.005241394042969,-2.015514373779297,3.7104358673095703,-0.02874628227147508,-0.40536874883939744,-0.14769572232489014,-0.0670594871044159,0.1559404581785202,0.4100675582885742,0.8961195349693298
1783095554244697396,53.083130455,-2.4961819648742676,0.09976287186145782,8.756217002868652,0.051148552628427275,0.006888621610491246,0.009430779029503168,-0.0670594871044159,0.1559404581785202,0.4100675582885742,0.8961195349693298
1783095554244709443,53.083142502,1.985763430595398,3.173917770385742,13.022684097290039,0.05967066835108352,0.4191459473275948,0.1463172701067505,-0.0670594871044159,0.1559404581785202,0.4100675582885742,0.8961195349693298
1783095554244728410,53.083161469,-7.207971096038818,-0.5179411768913269,4.874017715454102,-0.09692321221391441,-0.23599166556208995,-0.08058406933135082,-0.0670594871044159,0.1559404581785202,0.4100675582885742,0.8961195349693298
1783095554244758777,53.083191836,-5.828910827636719,-1.00635826587677,5.66769552230835,-0.07348739397660971,-0.26368854166072275,-0.0837798627273469,-0.0670594871044159,0.1559404581785202,0.4100675582885742,0.8961195349693298
1783095554244781701,53.08321476,2.5603718757629395,2.847109317779541,14.304779052734375,0.0383653790444429,0.40476487704561237,0.13406671211067486,-0.0670594871044159,0.1559404581785202,0.4100675582885742,0.8961195349693298
1783095554244795124,53.083228183,-2.63983416557312,0.9078059196472168,9.072251319885254,-0.05750842283543993,0.040977082940670255,-0.0022871300891491773,-0.0670594871044159,0.1559404581785202,0.4100675582885742,0.8961195349693298
1783095554244807049,53.083240108,-8.080658912658691,-2.5542097091674805,3.54164457321167,-0.1278158817085433,-0.3611602735281182,-0.17059890832952881,-0.0670594871044159,0.1559404581785202,0.4100675582885742,0.8961195349693298
1783095554244819289,53.083252348,0.0033644288778305054,1.0981450080871582,12.336745262145996,-0.004245201389358685,0.33285952563570026,0.08559718726044609,-0.0670594871044159,0.1559404581785202,0.4100675582885742,0.8961195349693298
1783095554245015600,53.083448659,-0.27316585183143616,1.974422812461853,12.573771476745605,-0.018093639698749425,0.3030321206064034,0.09571719968110037,-0.0670594871044159,0.1559404581785202,0.4100675582885742,0.8961195349693298
1783095554245043816,53.083476875,-9.851170539855957,-2.428514242172241,4.0121049880981445,-0.15444750166422272,-0.4176192901907158,-0.16900101163153078,-0.0670594871044159,0.1559404581785202,0.4100675582885742,0.8961195349693298
1783095554245054782,53.083487841,-3.810598850250244,-0.5574454665184021,9.905433654785156,-0.026615753340811017,0.004758092679827184,0.020616054875192167,-0.0670594871044159,0.1559404581785202,0.4100675582885742,0.8961195349693298
1783095554245065939,53.083498998,0.0,0.0,0.0,0.0,0.0,0.0,0.0,1.0,0.0,0.0
1783095554324423961,53.16285702,2.840493679046631,2.5957181453704834,16.046558380126953,0.054876978257089384,0.425537534119587,0.15217622466607666,-0.06612700968980789,0.15664005279541016,0.41036152839660645,0.8959321975708008
1783095554324464054,53.162897113,-6.94580602645874,-1.8431317806243896,6.9497904777526855,-0.04365998478612352,-0.2919180832815361,-0.11147673882597972,-0.06612700968980789,0.15664005279541016,0.41036152839660645,0.8959321975708008
1783095554324482560,53.162915619,-7.2510666847229,-2.84869647026062,6.012460708618164,0.004276914073223234,-0.24185062012141612,-0.08750828835600902,-0.06612700968980789,0.15664005279541016,0.41036152839660645,0.8959321975708008
1783095554324567985,53.163001044,2.280250310897827,2.297640085220337,15.400126457214355,0.10867282959516765,0.4681481127328682,0.17401414620538333,-0.06612700968980789,0.15664005279541016,0.41036152839660645,0.8959321975708008
1783095554324586639,53.163019698,-3.990163803100586,0.3691105544567108,9.815650939941406,0.010668500865215421,-0.06821252059467364,0.005702353400841058,-0.06612700968980789,0.15664005279541016,0.41036152839660645,0.8959321975708008
1783095554324602600,53.163035659,-9.966092109680176,-3.1108617782592773,3.5344619750976562,-0.02128943309474552,-0.4996446540212822,-0.15142414795355227,-0.06612700968980789,0.15664005279541016,0.41036152839660645,0.8959321975708008
1783095554324617870,53.163050929,0.03209485113620758,1.3279883861541748,13.41772747039795,0.12997812722418692,0.271606852168623,0.13672988159638358,-0.06612700968980789,0.15664005279541016,0.41036152839660645,0.8959321975708008
1783095554324633503,53.163066562,1.7235983610153198,2.760917901992798,13.769675254821777,0.09162859814985515,0.18585306270939447,0.09571719968110037,-0.06612700968980789,0.15664005279541016,0.41036152839660645,0.8959321975708008
1783095554324648966,53.163082025,-9.161640167236328,-2.784053087234497,2.859297275543213,-0.027681017806143047,-0.5214825422710744,-0.18764313977484132,-0.06612700968980789,0.15664005279541016,0.41036152839660645,0.8959321975708008
1783095554324847085,53.163280144,-3.5592076778411865,-0.6867324113845825,8.152877807617188,0.08630227582319498,0.10116452939311935,0.04991082767182303,-0.06612700968980789,0.15664005279541016,0.41036152839660645,0.8959321975708008
1783095554324871906,53.163304965,0.0,0.0,0.0,0.0,0.0,0.0,0.0,1.0,0.0,0.0
