t_ns,t_offset_s,joint_name,position,velocity,effort
1783095553171595958,52.010029017,slew_joint,1.741837122222222,0.008726638888888888,-20.0
1783095553171595958,52.010029017,boom_joint,0.6859138166666666,0.02094393333333333,134.0
1783095553171595958,52.010029017,stick_joint,-1.1571523166666664,0.0,14.0
1783095553171595958,52.010029017,telescope_joint,0.4928,0.002,3.0
1783095553171595958,52.010029017,hanger_joint,0.9389863444444444,-0.0017453277777777776,0.0
1783095553171595958,52.010029017,bearingfork_joint,-0.15707949999999998,0.0,0.0
1783095553171595958,52.010029017,grapplecarrier_joint,-0.15533417222222218,0.0,-27.0
1783095553171595958,52.010029017,grappletong1_joint,0.0,0.0,0.0
1783095553171595958,52.010029017,grappletong2_joint,0.0,0.0,0.0
1783095553181712372,52.020145431,slew_joint,1.741837122222222,0.00698131111111111,-18.0
1783095553181712372,52.020145431,boom_joint,0.6859138166666666,0.017453277777777776,130.0
1783095553181712372,52.020145431,stick_joint,-1.1571523166666664,0.0,14.0
1783095553181712372,52.020145431,telescope_joint,0.4928,0.002,2.0
1783095553181712372,52.020145431,hanger_joint,0.9389863444444444,0.0,0.0
1783095553181712372,52.020145431,bearingfork_joint,-0.15707949999999998,0.0,0.0
1783095553181712372,52.020145431,grapplecarrier_joint,-0.15533417222222218,0.0,-27.0
1783095553181712372,52.020145431,grappletong1_joint,0.0,0.0,0.0
1783095553181712372,52.020145431,grappletong2_joint,0.0,0.0,0.0
1783095553191684292,52.030117351,slew_joint,1.741837122222222,0.00698131111111111,-18.0
1783095553191684292,52.030117351,boom_joint,0.6859138166666666,0.017453277777777776,130.0
1783095553191684292,52.030117351,stick_joint,-1.1571523166666664,0.0,14.0
1783095553191684292,52.030117351,telescope_joint,0.4928,0.002,2.0
1783095553191684292,52.030117351,hanger_joint,0.9389863444444444,0.0,0.0
1783095553191684292,52.030117351,bearingfork_joint,-0.15707949999999998,0.0,0.0
1783095553191684292,52.030117351,grapplecarrier_joint,-0.15533417222222218,0.0,-27.0
1783095553191684292,52.030117351,grappletong1_joint,0.0,0.0,0.0
1783095553191684292,52.030117351,grappletong2_joint,0.0,0.0,0.0
1783095553201558482,52.039991541,slew_joint,1.741837122222222,0.00698131111111111,-17.0
1783095553201558482,52.039991541,boom_joint,0.6859138166666666,0.01570795,126.0
1783095553201558482,52.039991541,stick_joint,-1.1571523166666664,0.0,14.0
1783095553201558482,52.039991541,telescope_joint,0.4928,0.002,1.0
1783095553201558482,52.039991541,hanger_joint,0.9389863444444444,0.0,0.0
1783095553201558482,52.039991541,bearingfork_joint,-0.15707949999999998,0.0,0.0
1783095553201558482,52.039991541,grapplecarrier_joint,-0.15533417222222218,0.0,-27.0
1783095553201558482,52.039991541,grappletong1_joint,0.0,0.0,0.0
1783095553201558482,52.039991541,grappletong2_joint,0.0,0.0,0.0
1783095553211893585,52.050326644,slew_joint,1.741837122222222,0.00698131111111111,-17.0
1783095553211893585,52.050326644,boom_joint,0.6859138166666666,0.01570795,126.0
1783095553211893585,52.050326644,stick_joint,-1.1571523166666664,0.0,14.0
1783095553211893585,52.050326644,telescope_joint,0.4928,0.002,1.0
1783095553211893585,52.050326644,hanger_joint,0.9389863444444444,0.0,0.0
1783095553211893585,52.050326644,bearingfork_joint,-0.15707949999999998,0.0,0.0
1783095553211893585,52.050326644,grapplecarrier_joint,-0.15533417222222218,0.0,-27.0
1783095553211893585,52.050326644,grappletong1_joint,0.0,0.0,0.0
1783095553211893585,52.050326644,grappletong2_joint,0.0,0.0,0.0
1783095553222013652,52.060446711,slew_joint,1.741837122222222,0.00698131111111111,-16.0
1783095553222013652,52.060446711,boom_joint,0.6859138166666666,0.01570795,121.0
1783095553222013652,52.060446711,stick_joint,-1.1571523166666664,0.0,14.0
1783095553222013652,52.060446711,telescope_joint,0.4929,0.002,1.0
1783095553222013652,52.060446711,hanger_joint,0.9389863444444444,0.0,0.0
1783095553222013652,52.060446711,bearingfork_joint,-0.15707949999999998,0.0,0.0
1783095553222013652,52.060446711,grapplecarrier_joint,-0.15533417222222218,0.0,-27.0
1783095553222013652,52.060446711,grappletong1_joint,0.0,0.0,0.0
1783095553222013652,52.060446711,grappletong2_joint,0.0,0.0,0.0
1783095553231555685,52.069988744,slew_joint,1.741837122222222,0.00698131111111111,-16.0
1783095553231555685,52.069988744,boom_joint,0.6859138166666666,0.01570795,121.0
1783095553231555685,52.069988744,stick_joint,-1.1571523166666664,0.0,14.0
1783095553231555685,52.069988744,telescope_joint,0.4929,0.002,1.0
1783095553231555685,52.069988744,hanger_joint,0.9389863444444444,0.0,0.0
1783095553231555685,52.069988744,bearingfork_joint,-0.15707949999999998,0.0,0.0
1783095553231555685,52.069988744,grapplecarrier_joint,-0.15533417222222218,0.0,-27.0
1783095553231555685,52.069988744,grappletong1_joint,0.0,0.0,0.0
1783095553231555685,52.069988744,grappletong2_joint,0.0,0.0,0.0
1783095553241639297,52.080072356,slew_joint,1.741837122222222,0.00698131111111111,-14.0
1783095553241639297,52.080072356,boom_joint,0.6859138166666666,0.01570795,115.0
1783095553241639297,52.080072356,stick_joint,-1.1571523166666664,0.0,16.0
1783095553241639297,52.080072356,telescope_joint,0.4929,0.002,0.0
1783095553241639297,52.080072356,hanger_joint,0.9389863444444444,0.0,0.0
1783095553241639297,52.080072356,bearingfork_joint,-0.15707949999999998,0.0,0.0
1783095553241639297,52.080072356,grapplecarrier_joint,-0.15533417222222218,0.0,-26.0
1783095553241639297,52.080072356,grappletong1_joint,0.0,0.0,0.0
1783095553241639297,52.080072356,grappletong2_joint,0.0,0.0,0.0
1783095553251339175,52.089772234,slew_joint,1.741837122222222,0.00698131111111111,-14.0
1783095553251339175,52.089772234,boom_joint,0.6859138166666666,0.01570795,115.0
1783095553251339175,52.089772234,stick_joint,-1.1571523166666664,0.0,16.0
1783095553251339175,52.089772234,telescope_joint,0.4929,0.002,0.0
1783095553251339175,52.089772234,hanger_joint,0.9389863444444444,0.0,0.0
1783095553251339175,52.089772234,bearingfork_joint,-0.15707949999999998,0.0,0.0
1783095553251339175,52.089772234,grapplecarrier_joint,-0.15533417222222218,0.0,-26.0
1783095553251339175,52.089772234,grappletong1_joint,0.0,0.0,0.0
1783095553251339175,52.089772234,grappletong2_joint,0.0,0.0,0.0
1783095553261419665,52.099852724,slew_joint,1.741837122222222,0.005235983333333333,-13.0
1783095553261419665,52.099852724,boom_joint,0.6859138166666666,0.01396262222222222,110.0
1783095553261419665,52.099852724,stick_joint,-1.1571523166666664,0.0,17.0
1783095553261419665,52.099852724,telescope_joint,0.493,0.002,-1.0
1783095553261419665,52.099852724,hanger_joint,0.9389863444444444,0.005235983333333333,0.0
1783095553261419665,52.099852724,bearingfork_joint,-0.15707949999999998,0.0,0.0
1783095553261419665,52.099852724,grapplecarrier_joint,-0.15533417222222218,0.0,-26.0
1783095553261419665,52.099852724,grappletong1_joint,0.0,0.0,0.0
1783095553261419665,52.099852724,grappletong2_joint,0.0,0.0,0.0
1783095553271603991,52.11003705,slew_joint,1.741837122222222,0.005235983333333333,-13.0
1783095553271603991,52.11003705,boom_joint,0.6859138166666666,0.01396262222222222,110.0
1783095553271603991,52.11003705,stick_joint,-1.1571523166666664,0.0,17.0
1783095553271603991,52.11003705,telescope_joint,0.493,0.002,-1.0
1783095553271603991,52.11003705,hanger_joint,0.9389863444444444,0.005235983333333333,0.0
1783095553271603991,52.11003705,bearingfork_joint,-0.15707949999999998,0.0,0.0
1783095553271603991,52.11003705,grapplecarrier_joint,-0.15533417222222218,0.0,-26.0
1783095553271603991,52.11003705,grappletong1_joint,0.0,0.0,0.0
1783095553271603991,52.11003705,grappletong2_joint,0.0,0.0,0.0
1783095553281393230,52.119826289,slew_joint,1.741837122222222,0.00698131111111111,-12.0
1783095553281393230,52.119826289,boom_joint,0.6859138166666666,0.012217294444444443,105.0
1783095553281393230,52.119826289,stick_joint,-1.1571523166666664,0.0,18.0
1783095553281393230,52.119826289,telescope_joint,0.493,0.002,-2.0
1783095553281393230,52.119826289,hanger_joint,0.9389863444444444,0.02094393333333333,0.0
1783095553281393230,52.119826289,bearingfork_joint,-0.1553341722222222,-0.01396262222222222,0.0
1783095553281393230,52.119826289,grapplecarrier_joint,-0.15533417222222218,0.0,-26.0
1783095553281393230,52.119826289,grappletong1_joint,0.0,0.0,0.0
1783095553281393230,52.119826289,grappletong2_joint,0.0,0.0,0.0
1783095553291785813,52.130218872,slew_joint,1.741837122222222,0.00698131111111111,-12.0
1783095553291785813,52.130218872,boom_joint,0.6859138166666666,0.012217294444444443,105.0
1783095553291785813,52.130218872,stick_joint,-1.1571523166666664,0.0,18.0
1783095553291785813,52.130218872,telescope_joint,0.493,0.002,-2.0
1783095553291785813,52.130218872,hanger_joint,0.9389863444444444,0.02094393333333333,0.0
1783095553291785813,52.130218872,bearingfork_joint,-0.1553341722222222,-0.01396262222222222,0.0
1783095553291785813,52.130218872,grapplecarrier_joint,-0.15533417222222218,0.0,-26.0
1783095553291785813,52.130218872,grappletong1_joint,0.0,0.0,0.0
1783095553291785813,52.130218872,grappletong2_joint,0.0,0.0,0.0
1783095553301748604,52.140181663,slew_joint,1.741837122222222,0.005235983333333333,-11.0
1783095553301748604,52.140181663,boom_joint,0.6876591444444444,0.008726638888888888,103.0
1783095553301748604,52.140181663,stick_joint,-1.1571523166666664,0.0,19.0
1783095553301748604,52.140181663,telescope_joint,0.4931,0.002,-3.0
1783095553301748604,52.140181663,hanger_joint,0.9372410166666665,0.04188786666666666,0.0
1783095553301748604,52.140181663,bearingfork_joint,-0.1553341722222222,-0.0314159,0.0
1783095553301748604,52.140181663,grapplecarrier_joint,-0.15533417222222218,0.0,-26.0
1783095553301748604,52.140181663,grappletong1_joint,0.0,0.0,0.0
1783095553301748604,52.140181663,grappletong2_joint,0.0,0.0,0.0
1783095553311643371,52.15007643,slew_joint,1.741837122222222,0.005235983333333333,-11.0
1783095553311643371,52.15007643,boom_joint,0.6876591444444444,0.008726638888888888,103.0
1783095553311643371,52.15007643,stick_joint,-1.1571523166666664,0.0,19.0
1783095553311643371,52.15007643,telescope_joint,0.4931,0.002,-3.0
1783095553311643371,52.15007643,hanger_joint,0.9372410166666665,0.04188786666666666,0.0
1783095553311643371,52.15007643,bearingfork_joint,-0.1553341722222222,-0.0314159,0.0
1783095553311643371,52.15007643,grapplecarrier_joint,-0.15533417222222218,0.0,-26.0
1783095553311643371,52.15007643,grappletong1_joint,0.0,0.0,0.0
1783095553311643371,52.15007643,grappletong2_joint,0.0,0.0,0.0
1783095553321533273,52.159966332,slew_joint,1.741837122222222,0.005235983333333333,-10.0
1783095553321533273,52.159966332,boom_joint,0.6876591444444444,0.00698131111111111,102.0
1783095553321533273,52.159966332,stick_joint,-1.1571523166666664,0.0,20.0
1783095553321533273,52.159966332,telescope_joint,0.4931,0.002,-4.0
1783095553321533273,52.159966332,hanger_joint,0.9372410166666665,0.047123849999999995,0.0
1783095553321533273,52.159966332,bearingfork_joint,-0.15358884444444443,-0.04363319444444444,0.0
1783095553321533273,52.159966332,grapplecarrier_joint,-0.15533417222222218,0.0,-26.0
1783095553321533273,52.159966332,grappletong1_joint,0.0,0.0,0.0
1783095553321533273,52.159966332,grappletong2_joint,0.0,0.0,0.0
1783095553331474557,52.169907616,slew_joint,1.741837122222222,0.005235983333333333,-10.0
1783095553331474557,52.169907616,boom_joint,0.6876591444444444,0.00698131111111111,102.0
1783095553331474557,52.169907616,stick_joint,-1.1571523166666664,0.0,20.0
1783095553331474557,52.169907616,telescope_joint,0.4931,0.002,-4.0
1783095553331474557,52.169907616,hanger_joint,0.9372410166666665,0.047123849999999995,0.0
1783095553331474557,52.169907616,bearingfork_joint,-0.15358884444444443,-0.04363319444444444,0.0
1783095553331474557,52.169907616,grapplecarrier_joint,-0.15533417222222218,0.0,-26.0
1783095553331474557,52.169907616,grappletong1_joint,0.0,0.0,0.0
1783095553331474557,52.169907616,grappletong2_joint,0.0,0.0,0.0
1783095553341021751,52.17945481,slew_joint,1.741837122222222,0.005235983333333333,-9.0
1783095553341021751,52.17945481,boom_joint,0.6876591444444444,0.005235983333333333,101.0
1783095553341021751,52.17945481,stick_joint,-1.1571523166666664,0.0,21.0
1783095553341021751,52.17945481,telescope_joint,0.4932,0.002,-5.0
1783095553341021751,52.17945481,hanger_joint,0.9354956888888888,0.05585048888888888,0.0
1783095553341021751,52.17945481,bearingfork_joint,-0.15358884444444443,-0.04363319444444444,0.0
1783095553341021751,52.17945481,grapplecarrier_joint,-0.15533417222222218,0.0,-26.0
1783095553341021751,52.17945481,grappletong1_joint,0.0,0.0,0.0
1783095553341021751,52.17945481,grappletong2_joint,0.0,0.0,0.0
1783095553351077653,52.189510712,slew_joint,1.741837122222222,0.005235983333333333,-9.0
1783095553351077653,52.189510712,boom_joint,0.6876591444444444,0.005235983333333333,101.0
1783095553351077653,52.189510712,stick_joint,-1.1571523166666664,0.0,21.0
1783095553351077653,52.189510712,telescope_joint,0.4932,0.002,-5.0
1783095553351077653,52.189510712,hanger_joint,0.9354956888888888,0.05585048888888888,0.0
1783095553351077653,52.189510712,bearingfork_joint,-0.15358884444444443,-0.04363319444444444,0.0
1783095553351077653,52.189510712,grapplecarrier_joint,-0.15533417222222218,0.0,-26.0
1783095553351077653,52.189510712,grappletong1_joint,0.0,0.0,0.0
1783095553351077653,52.189510712,grappletong2_joint,0.0,0.0,0.0
1783095553361798665,52.200231724,slew_joint,1.741837122222222,0.005235983333333333,-8.0
1783095553361798665,52.200231724,boom_joint,0.6876591444444444,0.00698131111111111,97.0
1783095553361798665,52.200231724,stick_joint,-1.1571523166666664,0.0,22.0
1783095553361798665,52.200231724,telescope_joint,0.4932,0.002,-6.0
1783095553361798665,52.200231724,hanger_joint,0.9337503611111111,0.05934114444444444,0.0
1783095553361798665,52.200231724,bearingfork_joint,-0.15184351666666665,-0.054105161111111105,0.0
1783095553361798665,52.200231724,grapplecarrier_joint,-0.15533417222222218,0.0,-26.0
1783095553361798665,52.200231724,grappletong1_joint,0.0,0.0,0.0
1783095553361798665,52.200231724,grappletong2_joint,0.0,0.0,0.0
1783095553371485024,52.209918083,slew_joint,1.741837122222222,0.005235983333333333,-8.0
1783095553371485024,52.209918083,boom_joint,0.6876591444444444,0.00698131111111111,97.0
1783095553371485024,52.209918083,stick_joint,-1.1571523166666664,0.0,22.0
1783095553371485024,52.209918083,telescope_joint,0.4932,0.002,-6.0
1783095553371485024,52.209918083,hanger_joint,0.9337503611111111,0.05934114444444444,0.0
1783095553371485024,52.209918083,bearingfork_joint,-0.15184351666666665,-0.054105161111111105,0.0
1783095553371485024,52.209918083,grapplecarrier_joint,-0.15533417222222218,0.0,-26.0
1783095553371485024,52.209918083,grappletong1_joint,0.0,0.0,0.0
1783095553371485024,52.209918083,grappletong2_joint,0.0,0.0,0.0
1783095553381508611,52.21994167,slew_joint,1.74358245,0.003490655555555555,-7.0
1783095553381508611,52.21994167,boom_joint,0.6876591444444444,0.005235983333333333,95.0
1783095553381508611,52.21994167,stick_joint,-1.1571523166666664,0.0,23.0
1783095553381508611,52.21994167,telescope_joint,0.4933,0.002,-7.0
1783095553381508611,52.21994167,hanger_joint,0.9337503611111111,0.0628318,0.0
1783095553381508611,52.21994167,bearingfork_joint,-0.15184351666666665,-0.05934114444444444,0.0
1783095553381508611,52.21994167,grapplecarrier_joint,-0.15533417222222218,0.0,-26.0
1783095553381508611,52.21994167,grappletong1_joint,0.0,0.0,0.0
1783095553381508611,52.21994167,grappletong2_joint,0.0,0.0,0.0
1783095553391449243,52.229882302,slew_joint,1.74358245,0.003490655555555555,-7.0
1783095553391449243,52.229882302,boom_joint,0.6876591444444444,0.005235983333333333,95.0
1783095553391449243,52.229882302,stick_joint,-1.1571523166666664,0.0,23.0
1783095553391449243,52.229882302,telescope_joint,0.4933,0.002,-7.0
1783095553391449243,52.229882302,hanger_joint,0.9337503611111111,0.0628318,0.0
1783095553391449243,52.229882302,bearingfork_joint,-0.15184351666666665,-0.05934114444444444,0.0
1783095553391449243,52.229882302,grapplecarrier_joint,-0.15533417222222218,0.0,-26.0
1783095553391449243,52.229882302,grappletong1_joint,0.0,0.0,0.0
1783095553391449243,52.229882302,grappletong2_joint,0.0,0.0,0.0
1783095553401306768,52.239739827,slew_joint,1.74358245,0.003490655555555555,-7.0
1783095553401306768,52.239739827,boom_joint,0.6876591444444444,0.003490655555555555,93.0
1783095553401306768,52.239739827,stick_joint,-1.1571523166666664,0.0,24.0
1783095553401306768,52.239739827,telescope_joint,0.4933,0.002,-8.0
1783095553401306768,52.239739827,hanger_joint,0.9302597055555555,0.07330376666666666,0.0
1783095553401306768,52.239739827,bearingfork_joint,-0.15009818888888887,-0.06457712777777777,0.0
1783095553401306768,52.239739827,grapplecarrier_joint,-0.15533417222222218,0.0,-26.0
1783095553401306768,52.239739827,grappletong1_joint,0.0,0.0,0.0
1783095553401306768,52.239739827,grappletong2_joint,0.0,0.0,0.0
1783095553411323804,52.249756863,slew_joint,1.74358245,0.003490655555555555,-7.0
1783095553411323804,52.249756863,boom_joint,0.6876591444444444,0.003490655555555555,93.0
1783095553411323804,52.249756863,stick_joint,-1.1571523166666664,0.0,24.0
1783095553411323804,52.249756863,telescope_joint,0.4933,0.002,-8.0
1783095553411323804,52.249756863,hanger_joint,0.9302597055555555,0.07330376666666666,0.0
1783095553411323804,52.249756863,bearingfork_joint,-0.15009818888888887,-0.06457712777777777,0.0
1783095553411323804,52.249756863,grapplecarrier_joint,-0.15533417222222218,0.0,-26.0
1783095553411323804,52.249756863,grappletong1_joint,0.0,0.0,0.0
1783095553411323804,52.249756863,grappletong2_joint,0.0,0.0,0.0
1783095553421270752,52.259703811,slew_joint,1.74358245,0.003490655555555555,-6.0
1783095553421270752,52.259703811,boom_joint,0.6876591444444444,0.0017453277777777776,92.0
1783095553421270752,52.259703811,stick_joint,-1.1571523166666664,0.0,25.0
1783095553421270752,52.259703811,telescope_joint,0.4934,0.002,-9.0
1783095553421270752,52.259703811,hanger_joint,0.9302597055555555,0.07330376666666666,0.0
1783095553421270752,52.259703811,bearingfork_joint,-0.1483528611111111,-0.06632245555555555,0.0
1783095553421270752,52.259703811,grapplecarrier_joint,-0.15533417222222218,0.0,-26.0
1783095553421270752,52.259703811,grappletong1_joint,0.0,0.0,0.0
1783095553421270752,52.259703811,grappletong2_joint,0.0,0.0,0.0
1783095553431461498,52.269894557,slew_joint,1.74358245,0.003490655555555555,-6.0
1783095553431461498,52.269894557,boom_joint,0.6876591444444444,0.0017453277777777776,92.0
1783095553431461498,52.269894557,stick_joint,-1.1571523166666664,0.0,25.0
1783095553431461498,52.269894557,telescope_joint,0.4934,0.002,-9.0
1783095553431461498,52.269894557,hanger_joint,0.9302597055555555,0.07330376666666666,0.0
1783095553431461498,52.269894557,bearingfork_joint,-0.1483528611111111,-0.06632245555555555,0.0
1783095553431461498,52.269894557,grapplecarrier_joint,-0.15533417222222218,0.0,-26.0
1783095553431461498,52.269894557,grappletong1_joint,0.0,0.0,0.0
1783095553431461498,52.269894557,grappletong2_joint,0.0,0.0,0.0
1783095553441419546,52.279852605,slew_joint,1.74358245,0.0017453277777777776,-6.0
1783095553441419546,52.279852605,boom_joint,0.6876591444444444,0.003490655555555555,90.0
1783095553441419546,52.279852605,stick_joint,-1.1571523166666664,-0.0017453277777777776,24.0
1783095553441419546,52.279852605,telescope_joint,0.4934,0.002,-10.0
1783095553441419546,52.279852605,hanger_joint,0.9285143777777776,0.07853974999999999,0.0
1783095553441419546,52.279852605,bearingfork_joint,-0.14660753333333332,-0.06632245555555555,0.0
1783095553441419546,52.279852605,grapplecarrier_joint,-0.15533417222222218,0.0,-26.0
1783095553441419546,52.279852605,grappletong1_joint,0.0,0.0,0.0
1783095553441419546,52.279852605,grappletong2_joint,0.0,0.0,0.0
1783095553451459453,52.289892512,slew_joint,1.74358245,0.0017453277777777776,-6.0
1783095553451459453,52.289892512,boom_joint,0.6876591444444444,0.003490655555555555,90.0
1783095553451459453,52.289892512,stick_joint,-1.1571523166666664,-0.0017453277777777776,24.0
1783095553451459453,52.289892512,telescope_joint,0.4934,0.002,-10.0
1783095553451459453,52.289892512,hanger_joint,0.9285143777777776,0.07853974999999999,0.0
1783095553451459453,52.289892512,bearingfork_joint,-0.14660753333333332,-0.06632245555555555,0.0
1783095553451459453,52.289892512,grapplecarrier_joint,-0.15533417222222218,0.0,-26.0
1783095553451459453,52.289892512,grappletong1_joint,0.0,0.0,0.0
1783095553451459453,52.289892512,grappletong2_joint,0.0,0.0,0.0
1783095553461309732,52.299742791,slew_joint,1.74358245,0.0017453277777777776,-5.0
1783095553461309732,52.299742791,boom_joint,0.6876591444444444,0.0017453277777777776,88.0
1783095553461309732,52.299742791,stick_joint,-1.1571523166666664,-0.0017453277777777776,24.0
1783095553461309732,52.299742791,telescope_joint,0.4935,0.002,-11.0
1783095553461309732,52.299742791,hanger_joint,0.9267690499999999,0.09075704444444443,0.0
1783095553461309732,52.299742791,bearingfork_joint,-0.14486220555555554,-0.07155843888888888,0.0
1783095553461309732,52.299742791,grapplecarrier_joint,-0.15533417222222218,0.0,-26.0
1783095553461309732,52.299742791,grappletong1_joint,0.0,0.0,0.0
1783095553461309732,52.299742791,grappletong2_joint,0.0,0.0,0.0
1783095553471277224,52.309710283,slew_joint,1.74358245,0.0017453277777777776,-5.0
1783095553471277224,52.309710283,boom_joint,0.6876591444444444,0.0017453277777777776,88.0
1783095553471277224,52.309710283,stick_joint,-1.1571523166666664,-0.0017453277777777776,24.0
1783095553471277224,52.309710283,telescope_joint,0.4935,0.002,-11.0
1783095553471277224,52.309710283,hanger_joint,0.9267690499999999,0.09075704444444443,0.0
1783095553471277224,52.309710283,bearingfork_joint,-0.14486220555555554,-0.07155843888888888,0.0
1783095553471277224,52.309710283,grapplecarrier_joint,-0.15533417222222218,0.0,-26.0
1783095553471277224,52.309710283,grappletong1_joint,0.0,0.0,0.0
1783095553471277224,52.309710283,grappletong2_joint,0.0,0.0,0.0
1783095553481300085,52.319733144,slew_joint,1.74358245,0.0017453277777777776,-5.0
1783095553481300085,52.319733144,boom_joint,0.6876591444444444,0.0017453277777777776,88.0
1783095553481300085,52.319733144,stick_joint,-1.1571523166666664,-0.0017453277777777776,24.0
1783095553481300085,52.319733144,telescope_joint,0.4935,0.002,-12.0
1783095553481300085,52.319733144,hanger_joint,0.9232783944444443,0.09075704444444443,0.0
1783095553481300085,52.319733144,bearingfork_joint,-0.14486220555555554,-0.0698131111111111,0.0
1783095553481300085,52.319733144,grapplecarrier_joint,-0.15533417222222218,0.0,-26.0
1783095553481300085,52.319733144,grappletong1_joint,0.0,0.0,0.0
1783095553481300085,52.319733144,grappletong2_joint,0.0,0.0,0.0
1783095553496706591,52.33513965,slew_joint,1.74358245,0.0017453277777777776,-5.0
1783095553496706591,52.33513965,boom_joint,0.6876591444444444,0.0017453277777777776,88.0
1783095553496706591,52.33513965,stick_joint,-1.1571523166666664,-0.0017453277777777776,24.0
1783095553496706591,52.33513965,telescope_joint,0.4935,0.002,-12.0
1783095553496706591,52.33513965,hanger_joint,0.9232783944444443,0.09075704444444443,0.0
1783095553496706591,52.33513965,bearingfork_joint,-0.14486220555555554,-0.0698131111111111,0.0
1783095553496706591,52.33513965,grapplecarrier_joint,-0.15533417222222218,0.0,-26.0
1783095553496706591,52.33513965,grappletong1_joint,0.0,0.0,0.0
1783095553496706591,52.33513965,grappletong2_joint,0.0,0.0,0.0
1783095553502219667,52.340652726,slew_joint,1.74358245,0.0017453277777777776,-5.0
1783095553502219667,52.340652726,boom_joint,0.6876591444444444,0.003490655555555555,85.0
1783095553502219667,52.340652726,stick_joint,-1.1571523166666664,0.0,24.0
1783095553502219667,52.340652726,telescope_joint,0.4935,0.002,-12.0
1783095553502219667,52.340652726,hanger_joint,0.9215330666666666,0.10297433888888888,0.0
1783095553502219667,52.340652726,bearingfork_joint,-0.14311687777777776,-0.07330376666666666,0.0
1783095553502219667,52.340652726,grapplecarrier_joint,-0.15533417222222218,0.0,-26.0
1783095553502219667,52.340652726,grappletong1_joint,0.0,0.0,0.0
1783095553502219667,52.340652726,grappletong2_joint,0.0,0.0,0.0
1783095553511964411,52.35039747,slew_joint,1.74358245,0.0017453277777777776,-5.0
1783095553511964411,52.35039747,boom_joint,0.6876591444444444,0.003490655555555555,85.0
1783095553511964411,52.35039747,stick_joint,-1.1571523166666664,0.0,24.0
1783095553511964411,52.35039747,telescope_joint,0.4935,0.002,-12.0
1783095553511964411,52.35039747,hanger_joint,0.9215330666666666,0.10297433888888888,0.0
1783095553511964411,52.35039747,bearingfork_joint,-0.14311687777777776,-0.07330376666666666,0.0
1783095553511964411,52.35039747,grapplecarrier_joint,-0.15533417222222218,0.0,-26.0
1783095553511964411,52.35039747,grappletong1_joint,0.0,0.0,0.0
1783095553511964411,52.35039747,grappletong2_joint,0.0,0.0,0.0
1783095553521716683,52.360149742,slew_joint,1.74358245,0.0,-4.0
1783095553521716683,52.360149742,boom_joint,0.6876591444444444,0.003490655555555555,84.0
1783095553521716683,52.360149742,stick_joint,-1.1571523166666664,0.0,24.0
1783095553521716683,52.360149742,telescope_joint,0.4936,0.002,-13.0
1783095553521716683,52.360149742,hanger_joint,0.9215330666666666,0.09250237222222221,0.0
1783095553521716683,52.360149742,bearingfork_joint,-0.14137154999999998,-0.0628318,0.0
1783095553521716683,52.360149742,grapplecarrier_joint,-0.15533417222222218,0.0,-26.0
1783095553521716683,52.360149742,grappletong1_joint,0.0,0.0,0.0
1783095553521716683,52.360149742,grappletong2_joint,0.0,0.0,0.0
1783095553531486509,52.369919568,slew_joint,1.74358245,0.0,-4.0
1783095553531486509,52.369919568,boom_joint,0.6876591444444444,0.003490655555555555,84.0
1783095553531486509,52.369919568,stick_joint,-1.1571523166666664,0.0,24.0
1783095553531486509,52.369919568,telescope_joint,0.4936,0.002,-13.0
1783095553531486509,52.369919568,hanger_joint,0.9215330666666666,0.09250237222222221,0.0
1783095553531486509,52.369919568,bearingfork_joint,-0.14137154999999998,-0.0628318,0.0
1783095553531486509,52.369919568,grapplecarrier_joint,-0.15533417222222218,0.0,-26.0
1783095553531486509,52.369919568,grappletong1_joint,0.0,0.0,0.0
1783095553531486509,52.369919568,grappletong2_joint,0.0,0.0,0.0
1783095553541250725,52.379683784,slew_joint,1.74358245,0.0,-4.0
1783095553541250725,52.379683784,boom_joint,0.6876591444444444,0.0,84.0
1783095553541250725,52.379683784,stick_joint,-1.1571523166666664,0.0,24.0
1783095553541250725,52.379683784,telescope_joint,0.4936,0.001,-14.0
1783095553541250725,52.379683784,hanger_joint,0.9197877388888887,0.07330376666666666,0.0
1783095553541250725,52.379683784,bearingfork_joint,-0.14137154999999998,-0.03839721111111111,0.0
1783095553541250725,52.379683784,grapplecarrier_joint,-0.15533417222222218,0.0,-26.0
1783095553541250725,52.379683784,grappletong1_joint,0.0,0.0,0.0
1783095553541250725,52.379683784,grappletong2_joint,0.0,0.0,0.0
1783095553551172167,52.389605226,slew_joint,1.74358245,0.0,-4.0
1783095553551172167,52.389605226,boom_joint,0.6876591444444444,0.0,84.0
1783095553551172167,52.389605226,stick_joint,-1.1571523166666664,0.0,24.0
1783095553551172167,52.389605226,telescope_joint,0.4936,0.001,-14.0
1783095553551172167,52.389605226,hanger_joint,0.9197877388888887,0.07330376666666666,0.0
1783095553551172167,52.389605226,bearingfork_joint,-0.14137154999999998,-0.03839721111111111,0.0
1783095553551172167,52.389605226,grapplecarrier_joint,-0.15533417222222218,0.0,-26.0
1783095553551172167,52.389605226,grappletong1_joint,0.0,0.0,0.0
1783095553551172167,52.389605226,grappletong2_joint,0.0,0.0,0.0
1783095553561182474,52.399615533,slew_joint,1.74358245,0.0,-4.0
1783095553561182474,52.399615533,boom_joint,0.6876591444444444,0.003490655555555555,83.0
1783095553561182474,52.399615533,stick_joint,-1.1571523166666664,0.0,24.0
1783095553561182474,52.399615533,telescope_joint,0.4936,0.001,-15.0
1783095553561182474,52.399615533,hanger_joint,0.918042411111111,0.05235983333333333,0.0
1783095553561182474,52.399615533,bearingfork_joint,-0.14137154999999998,-0.019198605555555553,0.0
1783095553561182474,52.399615533,grapplecarrier_joint,-0.15533417222222218,0.0,-26.0
1783095553561182474,52.399615533,grappletong1_joint,0.0,0.0,0.0
1783095553561182474,52.399615533,grappletong2_joint,0.0,0.0,0.0
1783095553571214302,52.409647361,slew_joint,1.74358245,0.0,-4.0
1783095553571214302,52.409647361,boom_joint,0.6876591444444444,0.003490655555555555,83.0
1783095553571214302,52.409647361,stick_joint,-1.1571523166666664,0.0,24.0
1783095553571214302,52.409647361,telescope_joint,0.4936,0.001,-15.0
1783095553571214302,52.409647361,hanger_joint,0.918042411111111,0.05235983333333333,0.0
1783095553571214302,52.409647361,bearingfork_joint,-0.14137154999999998,-0.019198605555555553,0.0
1783095553571214302,52.409647361,grapplecarrier_joint,-0.15533417222222218,0.0,-26.0
1783095553571214302,52.409647361,grappletong1_joint,0.0,0.0,0.0
1783095553571214302,52.409647361,grappletong2_joint,0.0,0.0,0.0
1783095553581863731,52.42029679,slew_joint,1.74358245,0.0017453277777777776,-3.0
1783095553581863731,52.42029679,boom_joint,0.6876591444444444,0.003490655555555555,83.0
1783095553581863731,52.42029679,stick_joint,-1.1571523166666664,0.0,24.0
1783095553581863731,52.42029679,telescope_joint,0.4937,0.001,-15.0
1783095553581863731,52.42029679,hanger_joint,0.918042411111111,0.033161227777777774,0.0
1783095553581863731,52.42029679,bearingfork_joint,-0.14137154999999998,-0.005235983333333333,0.0
1783095553581863731,52.42029679,grapplecarrier_joint,-0.15533417222222218,0.0,-26.0
1783095553581863731,52.42029679,grappletong1_joint,0.0,0.0,0.0
1783095553581863731,52.42029679,grappletong2_joint,0.0,0.0,0.0
1783095553592001059,52.430434118,slew_joint,1.74358245,0.0017453277777777776,-3.0
1783095553592001059,52.430434118,boom_joint,0.6876591444444444,0.003490655555555555,83.0
1783095553592001059,52.430434118,stick_joint,-1.1571523166666664,0.0,24.0
1783095553592001059,52.430434118,telescope_joint,0.4937,0.001,-15.0
1783095553592001059,52.430434118,hanger_joint,0.918042411111111,0.033161227777777774,0.0
1783095553592001059,52.430434118,bearingfork_joint,-0.14137154999999998,-0.005235983333333333,0.0
1783095553592001059,52.430434118,grapplecarrier_joint,-0.15533417222222218,0.0,-26.0
1783095553592001059,52.430434118,grappletong1_joint,0.0,0.0,0.0
1783095553592001059,52.430434118,grappletong2_joint,0.0,0.0,0.0
1783095553601785023,52.440218082,slew_joint,1.74358245,0.0017453277777777776,-3.0
1783095553601785023,52.440218082,boom_joint,0.6876591444444444,0.0017453277777777776,83.0
1783095553601785023,52.440218082,stick_joint,-1.1571523166666664,0.0,24.0
1783095553601785023,52.440218082,telescope_joint,0.4937,0.001,-16.0
1783095553601785023,52.440218082,hanger_joint,0.918042411111111,0.012217294444444443,0.0
1783095553601785023,52.440218082,bearingfork_joint,-0.14137154999999998,-0.003490655555555555,0.0
1783095553601785023,52.440218082,grapplecarrier_joint,-0.15533417222222218,0.0,-26.0
1783095553601785023,52.440218082,grappletong1_joint,0.0,0.0,0.0
1783095553601785023,52.440218082,grappletong2_joint,0.0,0.0,0.0
1783095553611694804,52.450127863,slew_joint,1.74358245,0.0017453277777777776,-3.0
1783095553611694804,52.450127863,boom_joint,0.6876591444444444,0.0017453277777777776,83.0
1783095553611694804,52.450127863,stick_joint,-1.1571523166666664,0.0,24.0
1783095553611694804,52.450127863,telescope_joint,0.4937,0.001,-16.0
1783095553611694804,52.450127863,hanger_joint,0.918042411111111,0.012217294444444443,0.0
1783095553611694804,52.450127863,bearingfork_joint,-0.14137154999999998,-0.003490655555555555,0.0
1783095553611694804,52.450127863,grapplecarrier_joint,-0.15533417222222218,0.0,-26.0
1783095553611694804,52.450127863,grappletong1_joint,0.0,0.0,0.0
1783095553611694804,52.450127863,grappletong2_joint,0.0,0.0,0.0
1783095553621490352,52.459923411,slew_joint,1.74358245,0.0,-3.0
1783095553621490352,52.459923411,boom_joint,0.6876591444444444,0.0017453277777777776,83.0
1783095553621490352,52.459923411,stick_joint,-1.1571523166666664,0.0,24.0
1783095553621490352,52.459923411,telescope_joint,0.4937,0.001,-17.0
1783095553621490352,52.459923411,hanger_joint,0.918042411111111,0.003490655555555555,0.0
1783095553621490352,52.459923411,bearingfork_joint,-0.14137154999999998,-0.003490655555555555,0.0
1783095553621490352,52.459923411,grapplecarrier_joint,-0.15533417222222218,0.0,-26.0
1783095553621490352,52.459923411,grappletong1_joint,0.0,0.0,0.0
1783095553621490352,52.459923411,grappletong2_joint,0.0,0.0,0.0
1783095553632262050,52.470695109,slew_joint,1.74358245,0.0,-3.0
1783095553632262050,52.470695109,boom_joint,0.6876591444444444,0.0017453277777777776,83.0
1783095553632262050,52.470695109,stick_joint,-1.1571523166666664,0.0,24.0
1783095553632262050,52.470695109,telescope_joint,0.4937,0.001,-17.0
1783095553632262050,52.470695109,hanger_joint,0.918042411111111,0.003490655555555555,0.0
1783095553632262050,52.470695109,bearingfork_joint,-0.14137154999999998,-0.003490655555555555,0.0
1783095553632262050,52.470695109,grapplecarrier_joint,-0.15533417222222218,0.0,-26.0
1783095553632262050,52.470695109,grappletong1_joint,0.0,0.0,0.0
1783095553632262050,52.470695109,grappletong2_joint,0.0,0.0,0.0
1783095553641952135,52.480385194,slew_joint,1.74358245,0.0,-3.0
1783095553641952135,52.480385194,boom_joint,0.6876591444444444,0.003490655555555555,83.0
1783095553641952135,52.480385194,stick_joint,-1.1571523166666664,0.0,24.0
1783095553641952135,52.480385194,telescope_joint,0.4937,0.001,-18.0
1783095553641952135,52.480385194,hanger_joint,0.918042411111111,0.0017453277777777776,0.0
1783095553641952135,52.480385194,bearingfork_joint,-0.14137154999999998,-0.003490655555555555,0.0
1783095553641952135,52.480385194,grapplecarrier_joint,-0.15533417222222218,0.0,-26.0
1783095553641952135,52.480385194,grappletong1_joint,0.0,0.0,0.0
1783095553641952135,52.480385194,grappletong2_joint,0.0,0.0,0.0
1783095553651671956,52.490105015,slew_joint,1.74358245,0.0,-3.0
1783095553651671956,52.490105015,boom_joint,0.6876591444444444,0.003490655555555555,83.0
1783095553651671956,52.490105015,stick_joint,-1.1571523166666664,0.0,24.0
1783095553651671956,52.490105015,telescope_joint,0.4937,0.001,-18.0
1783095553651671956,52.490105015,hanger_joint,0.918042411111111,0.0017453277777777776,0.0
1783095553651671956,52.490105015,bearingfork_joint,-0.14137154999999998,-0.003490655555555555,0.0
1783095553651671956,52.490105015,grapplecarrier_joint,-0.15533417222222218,0.0,-26.0
1783095553651671956,52.490105015,grappletong1_joint,0.0,0.0,0.0
1783095553651671956,52.490105015,grappletong2_joint,0.0,0.0,0.0
1783095553661393063,52.499826122,slew_joint,1.74358245,0.0,-2.0
1783095553661393063,52.499826122,boom_joint,0.6876591444444444,0.005235983333333333,83.0
1783095553661393063,52.499826122,stick_joint,-1.1571523166666664,0.0,24.0
1783095553661393063,52.499826122,telescope_joint,0.4938,0.001,-18.0
1783095553661393063,52.499826122,hanger_joint,0.918042411111111,0.003490655555555555,0.0
1783095553661393063,52.499826122,bearingfork_joint,-0.14137154999999998,-0.0017453277777777776,0.0
1783095553661393063,52.499826122,grapplecarrier_joint,-0.15533417222222218,0.0,-26.0
1783095553661393063,52.499826122,grappletong1_joint,0.0,0.0,0.0
1783095553661393063,52.499826122,grappletong2_joint,0.0,0.0,0.0
1783095553671388309,52.509821368,slew_joint,1.74358245,0.0,-2.0
1783095553671388309,52.509821368,boom_joint,0.6876591444444444,0.005235983333333333,83.0
1783095553671388309,52.509821368,stick_joint,-1.1571523166666664,0.0,24.0
1783095553671388309,52.509821368,telescope_joint,0.4938,0.001,-18.0
1783095553671388309,52.509821368,hanger_joint,0.918042411111111,0.003490655555555555,0.0
1783095553671388309,52.509821368,bearingfork_joint,-0.14137154999999998,-0.0017453277777777776,0.0
1783095553671388309,52.509821368,grapplecarrier_joint,-0.15533417222222218,0.0,-26.0
1783095553671388309,52.509821368,grappletong1_joint,0.0,0.0,0.0
1783095553671388309,52.509821368,grappletong2_joint,0.0,0.0,0.0
1783095553681575772,52.520008831,slew_joint,1.74358245,0.0,-2.0
1783095553681575772,52.520008831,boom_joint,0.6876591444444444,0.00698131111111111,83.0
1783095553681575772,52.520008831,stick_joint,-1.1571523166666664,0.0,24.0
1783095553681575772,52.520008831,telescope_joint,0.4938,0.001,-19.0
1783095553681575772,52.520008831,hanger_joint,0.918042411111111,0.005235983333333333,0.0
1783095553681575772,52.520008831,bearingfork_joint,-0.14137154999999998,-0.003490655555555555,0.0
1783095553681575772,52.520008831,grapplecarrier_joint,-0.15533417222222218,0.0,-26.0
1783095553681575772,52.520008831,grappletong1_joint,0.0,0.0,0.0
1783095553681575772,52.520008831,grappletong2_joint,0.0,0.0,0.0
1783095553691734743,52.530167802,slew_joint,1.74358245,0.0,-2.0
1783095553691734743,52.530167802,boom_joint,0.6876591444444444,0.00698131111111111,83.0
1783095553691734743,52.530167802,stick_joint,-1.1571523166666664,0.0,24.0
1783095553691734743,52.530167802,telescope_joint,0.4938,0.001,-19.0
1783095553691734743,52.530167802,hanger_joint,0.918042411111111,0.005235983333333333,0.0
1783095553691734743,52.530167802,bearingfork_joint,-0.14137154999999998,-0.003490655555555555,0.0
1783095553691734743,52.530167802,grapplecarrier_joint,-0.15533417222222218,0.0,-26.0
1783095553691734743,52.530167802,grappletong1_joint,0.0,0.0,0.0
1783095553691734743,52.530167802,grappletong2_joint,0.0,0.0,0.0
1783095553701763079,52.540196138,slew_joint,1.74358245,0.0,-2.0
1783095553701763079,52.540196138,boom_joint,0.6876591444444444,0.003490655555555555,83.0
1783095553701763079,52.540196138,stick_joint,-1.1571523166666664,-0.0017453277777777776,24.0
1783095553701763079,52.540196138,telescope_joint,0.4938,0.0,-20.0
1783095553701763079,52.540196138,hanger_joint,0.9162970833333333,0.0314159,0.0
1783095553701763079,52.540196138,bearingfork_joint,-0.14137154999999998,-0.0017453277777777776,0.0
1783095553701763079,52.540196138,grapplecarrier_joint,-0.15533417222222218,0.0,-26.0
1783095553701763079,52.540196138,grappletong1_joint,0.0,0.0,0.0
1783095553701763079,52.540196138,grappletong2_joint,0.0,0.0,0.0
1783095553711906622,52.550339681,slew_joint,1.74358245,0.0,-2.0
1783095553711906622,52.550339681,boom_joint,0.6876591444444444,0.003490655555555555,83.0
1783095553711906622,52.550339681,stick_joint,-1.1571523166666664,-0.0017453277777777776,24.0
1783095553711906622,52.550339681,telescope_joint,0.4938,0.0,-20.0
1783095553711906622,52.550339681,hanger_joint,0.9162970833333333,0.0314159,0.0
1783095553711906622,52.550339681,bearingfork_joint,-0.14137154999999998,-0.0017453277777777776,0.0
1783095553711906622,52.550339681,grapplecarrier_joint,-0.15533417222222218,0.0,-26.0
1783095553711906622,52.550339681,grappletong1_joint,0.0,0.0,0.0
1783095553711906622,52.550339681,grappletong2_joint,0.0,0.0,0.0
1783095553721433008,52.559866067,slew_joint,1.74358245,0.0017453277777777776,-2.0
1783095553721433008,52.559866067,boom_joint,0.6876591444444444,0.0017453277777777776,81.0
1783095553721433008,52.559866067,stick_joint,-1.1571523166666664,-0.0017453277777777776,24.0
1783095553721433008,52.559866067,telescope_joint,0.4938,0.0,-20.0
1783095553721433008,52.559866067,hanger_joint,0.9145517555555556,0.08901171666666666,0.0
1783095553721433008,52.559866067,bearingfork_joint,-0.1396262222222222,-0.003490655555555555,0.0
1783095553721433008,52.559866067,grapplecarrier_joint,-0.15533417222222218,0.0,-26.0
1783095553721433008,52.559866067,grappletong1_joint,0.0,0.0,0.0
1783095553721433008,52.559866067,grappletong2_joint,0.0,0.0,0.0
1783095553731553593,52.569986652,slew_joint,1.74358245,0.0017453277777777776,-2.0
1783095553731553593,52.569986652,boom_joint,0.6876591444444444,0.0017453277777777776,81.0
1783095553731553593,52.569986652,stick_joint,-1.1571523166666664,-0.0017453277777777776,24.0
1783095553731553593,52.569986652,telescope_joint,0.4938,0.0,-20.0
1783095553731553593,52.569986652,hanger_joint,0.9145517555555556,0.08901171666666666,0.0
1783095553731553593,52.569986652,bearingfork_joint,-0.1396262222222222,-0.003490655555555555,0.0
1783095553731553593,52.569986652,grapplecarrier_joint,-0.15533417222222218,0.0,-26.0
1783095553731553593,52.569986652,grappletong1_joint,0.0,0.0,0.0
1783095553731553593,52.569986652,grappletong2_joint,0.0,0.0,0.0
1783095553741394655,52.579827714,slew_joint,1.74358245,0.0017453277777777776,-1.0
1783095553741394655,52.579827714,boom_joint,0.6876591444444444,0.003490655555555555,79.0
1783095553741394655,52.579827714,stick_joint,-1.1571523166666664,0.0,24.0
1783095553741394655,52.579827714,telescope_joint,0.4938,0.0,-21.0
1783095553741394655,52.579827714,hanger_joint,0.9110611,0.1326449111111111,0.0
1783095553741394655,52.579827714,bearingfork_joint,-0.1396262222222222,-0.005235983333333333,0.0
1783095553741394655,52.579827714,grapplecarrier_joint,-0.15533417222222218,0.0,-26.0
1783095553741394655,52.579827714,grappletong1_joint,0.0,0.0,0.0
1783095553741394655,52.579827714,grappletong2_joint,0.0,0.0,0.0
1783095553751177049,52.589610108,slew_joint,1.74358245,0.0017453277777777776,-1.0
1783095553751177049,52.589610108,boom_joint,0.6876591444444444,0.003490655555555555,79.0
1783095553751177049,52.589610108,stick_joint,-1.1571523166666664,0.0,24.0
1783095553751177049,52.589610108,telescope_joint,0.4938,0.0,-21.0
1783095553751177049,52.589610108,hanger_joint,0.9110611,0.1326449111111111,0.0
1783095553751177049,52.589610108,bearingfork_joint,-0.1396262222222222,-0.005235983333333333,0.0
1783095553751177049,52.589610108,grapplecarrier_joint,-0.15533417222222218,0.0,-26.0
1783095553751177049,52.589610108,grappletong1_joint,0.0,0.0,0.0
1783095553751177049,52.589610108,grappletong2_joint,0.0,0.0,0.0
1783095553761893385,52.600326444,slew_joint,1.74358245,0.0017453277777777776,-1.0
1783095553761893385,52.600326444,boom_joint,0.6894044722222221,0.005235983333333333,77.0
1783095553761893385,52.600326444,stick_joint,-1.1571523166666664,0.0,24.0
1783095553761893385,52.600326444,telescope_joint,0.4938,0.0,-21.0
1783095553761893385,52.600326444,hanger_joint,0.9075704444444443,0.13439023888888887,0.0
1783095553761893385,52.600326444,bearingfork_joint,-0.1396262222222222,-0.0017453277777777776,0.0
1783095553761893385,52.600326444,grapplecarrier_joint,-0.15533417222222218,0.0,-26.0
1783095553761893385,52.600326444,grappletong1_joint,0.0,0.0,0.0
1783095553761893385,52.600326444,grappletong2_joint,0.0,0.0,0.0
1783095553771450468,52.609883527,slew_joint,1.74358245,0.0017453277777777776,-1.0
1783095553771450468,52.609883527,boom_joint,0.6894044722222221,0.005235983333333333,77.0
1783095553771450468,52.609883527,stick_joint,-1.1571523166666664,0.0,24.0
1783095553771450468,52.609883527,telescope_joint,0.4938,0.0,-21.0
1783095553771450468,52.609883527,hanger_joint,0.9075704444444443,0.13439023888888887,0.0
1783095553771450468,52.609883527,bearingfork_joint,-0.1396262222222222,-0.0017453277777777776,0.0
1783095553771450468,52.609883527,grapplecarrier_joint,-0.15533417222222218,0.0,-26.0
1783095553771450468,52.609883527,grappletong1_joint,0.0,0.0,0.0
1783095553771450468,52.609883527,grappletong2_joint,0.0,0.0,0.0
1783095553781784843,52.620217902,slew_joint,1.74358245,0.003490655555555555,-2.0
1783095553781784843,52.620217902,boom_joint,0.6894044722222221,0.003490655555555555,74.0
1783095553781784843,52.620217902,stick_joint,-1.1571523166666664,0.0,24.0
1783095553781784843,52.620217902,telescope_joint,0.4938,0.0,-22.0
1783095553781784843,52.620217902,hanger_joint,0.9058251166666667,0.13089958333333332,0.0
1783095553781784843,52.620217902,bearingfork_joint,-0.1396262222222222,-0.0017453277777777776,0.0
1783095553781784843,52.620217902,grapplecarrier_joint,-0.15533417222222218,0.0,-26.0
1783095553781784843,52.620217902,grappletong1_joint,0.0,0.0,0.0
1783095553781784843,52.620217902,grappletong2_joint,0.0,0.0,0.0
1783095553791551958,52.629985017,slew_joint,1.74358245,0.003490655555555555,-2.0
1783095553791551958,52.629985017,boom_joint,0.6894044722222221,0.003490655555555555,74.0
1783095553791551958,52.629985017,stick_joint,-1.1571523166666664,0.0,24.0
1783095553791551958,52.629985017,telescope_joint,0.4938,0.0,-22.0
1783095553791551958,52.629985017,hanger_joint,0.9058251166666667,0.13089958333333332,0.0
1783095553791551958,52.629985017,bearingfork_joint,-0.1396262222222222,-0.0017453277777777776,0.0
1783095553791551958,52.629985017,grapplecarrier_joint,-0.15533417222222218,0.0,-26.0
1783095553791551958,52.629985017,grappletong1_joint,0.0,0.0,0.0
1783095553791551958,52.629985017,grappletong2_joint,0.0,0.0,0.0
1783095553801321001,52.63975406,slew_joint,1.74358245,0.003490655555555555,-3.0
1783095553801321001,52.63975406,boom_joint,0.6894044722222221,0.003490655555555555,72.0
1783095553801321001,52.63975406,stick_joint,-1.1571523166666664,0.0,24.0
1783095553801321001,52.63975406,telescope_joint,0.4939,0.0,-22.0
1783095553801321001,52.63975406,hanger_joint,0.9040797888888887,0.1169369611111111,0.0
1783095553801321001,52.63975406,bearingfork_joint,-0.1396262222222222,-0.003490655555555555,0.0
1783095553801321001,52.63975406,grapplecarrier_joint,-0.15533417222222218,0.0,-26.0
1783095553801321001,52.63975406,grappletong1_joint,0.0,0.0,0.0
1783095553801321001,52.63975406,grappletong2_joint,0.0,0.0,0.0
1783095553813099400,52.651532459,slew_joint,1.74358245,0.003490655555555555,-3.0
1783095553813099400,52.651532459,boom_joint,0.6894044722222221,0.003490655555555555,72.0
1783095553813099400,52.651532459,stick_joint,-1.1571523166666664,0.0,24.0
1783095553813099400,52.651532459,telescope_joint,0.4939,0.0,-22.0
1783095553813099400,52.651532459,hanger_joint,0.9040797888888887,0.1169369611111111,0.0
1783095553813099400,52.651532459,bearingfork_joint,-0.1396262222222222,-0.003490655555555555,0.0
1783095553813099400,52.651532459,grapplecarrier_joint,-0.15533417222222218,0.0,-26.0
1783095553813099400,52.651532459,grappletong1_joint,0.0,0.0,0.0
1783095553813099400,52.651532459,grappletong2_joint,0.0,0.0,0.0
1783095553821592788,52.660025847,slew_joint,1.74358245,0.003490655555555555,-4.0
1783095553821592788,52.660025847,boom_joint,0.6894044722222221,0.005235983333333333,69.0
1783095553821592788,52.660025847,stick_joint,-1.1571523166666664,0.0,24.0
1783095553821592788,52.660025847,telescope_joint,0.4939,0.0,-22.0
1783095553821592788,52.660025847,hanger_joint,0.902334461111111,0.11868228888888888,0.0
1783095553821592788,52.660025847,bearingfork_joint,-0.1396262222222222,-0.005235983333333333,0.0
1783095553821592788,52.660025847,grapplecarrier_joint,-0.15533417222222218,0.0,-26.0
1783095553821592788,52.660025847,grappletong1_joint,0.0,0.0,0.0
1783095553821592788,52.660025847,grappletong2_joint,0.0,0.0,0.0
1783095553831275944,52.669709003,slew_joint,1.74358245,0.003490655555555555,-4.0
1783095553831275944,52.669709003,boom_joint,0.6894044722222221,0.005235983333333333,69.0
1783095553831275944,52.669709003,stick_joint,-1.1571523166666664,0.0,24.0
1783095553831275944,52.669709003,telescope_joint,0.4939,0.0,-22.0
1783095553831275944,52.669709003,hanger_joint,0.902334461111111,0.11868228888888888,0.0
1783095553831275944,52.669709003,bearingfork_joint,-0.1396262222222222,-0.005235983333333333,0.0
1783095553831275944,52.669709003,grapplecarrier_joint,-0.15533417222222218,0.0,-26.0
1783095553831275944,52.669709003,grappletong1_joint,0.0,0.0,0.0
1783095553831275944,52.669709003,grappletong2_joint,0.0,0.0,0.0
1783095553841832730,52.680265789,slew_joint,1.74358245,0.003490655555555555,-5.0
1783095553841832730,52.680265789,boom_joint,0.6894044722222221,0.005235983333333333,66.0
1783095553841832730,52.680265789,stick_joint,-1.1571523166666664,0.0,24.0
1783095553841832730,52.680265789,telescope_joint,0.4939,0.0,-22.0
1783095553841832730,52.680265789,hanger_joint,0.8988438055555554,0.12217294444444443,0.0
1783095553841832730,52.680265789,bearingfork_joint,-0.1396262222222222,-0.0017453277777777776,0.0
1783095553841832730,52.680265789,grapplecarrier_joint,-0.15533417222222218,0.0,-26.0
1783095553841832730,52.680265789,grappletong1_joint,0.0,0.0,0.0
1783095553841832730,52.680265789,grappletong2_joint,0.0,0.0,0.0
1783095553851503502,52.689936561,slew_joint,1.74358245,0.003490655555555555,-5.0
1783095553851503502,52.689936561,boom_joint,0.6894044722222221,0.005235983333333333,66.0
1783095553851503502,52.689936561,stick_joint,-1.1571523166666664,0.0,24.0
1783095553851503502,52.689936561,telescope_joint,0.4939,0.0,-22.0
1783095553851503502,52.689936561,hanger_joint,0.8988438055555554,0.12217294444444443,0.0
1783095553851503502,52.689936561,bearingfork_joint,-0.1396262222222222,-0.0017453277777777776,0.0
1783095553851503502,52.689936561,grapplecarrier_joint,-0.15533417222222218,0.0,-26.0
1783095553851503502,52.689936561,grappletong1_joint,0.0,0.0,0.0
1783095553851503502,52.689936561,grappletong2_joint,0.0,0.0,0.0
1783095553861355127,52.699788186,slew_joint,1.74358245,0.003490655555555555,-6.0
1783095553861355127,52.699788186,boom_joint,0.6894044722222221,0.005235983333333333,65.0
1783095553861355127,52.699788186,stick_joint,-1.1571523166666664,0.0,24.0
1783095553861355127,52.699788186,telescope_joint,0.4939,0.0,-23.0
1783095553861355127,52.699788186,hanger_joint,0.8953531499999998,0.1326449111111111,0.0
1783095553861355127,52.699788186,bearingfork_joint,-0.1396262222222222,0.0,0.0
1783095553861355127,52.699788186,grapplecarrier_joint,-0.15533417222222218,0.0,-26.0
1783095553861355127,52.699788186,grappletong1_joint,0.0,0.0,0.0
1783095553861355127,52.699788186,grappletong2_joint,0.0,0.0,0.0
1783095553872075852,52.710508911,slew_joint,1.74358245,0.003490655555555555,-6.0
1783095553872075852,52.710508911,boom_joint,0.6894044722222221,0.005235983333333333,65.0
1783095553872075852,52.710508911,stick_joint,-1.1571523166666664,0.0,24.0
1783095553872075852,52.710508911,telescope_joint,0.4939,0.0,-23.0
1783095553872075852,52.710508911,hanger_joint,0.8953531499999998,0.1326449111111111,0.0
1783095553872075852,52.710508911,bearingfork_joint,-0.1396262222222222,0.0,0.0
1783095553872075852,52.710508911,grapplecarrier_joint,-0.15533417222222218,0.0,-26.0
1783095553872075852,52.710508911,grappletong1_joint,0.0,0.0,0.0
1783095553872075852,52.710508911,grappletong2_joint,0.0,0.0,0.0
1783095553881599290,52.720032349,slew_joint,1.74358245,0.003490655555555555,-7.0
1783095553881599290,52.720032349,boom_joint,0.6894044722222221,0.005235983333333333,63.0
1783095553881599290,52.720032349,stick_joint,-1.1571523166666664,0.0,24.0
1783095553881599290,52.720032349,telescope_joint,0.4939,0.0,-23.0
1783095553881599290,52.720032349,hanger_joint,0.8936078222222221,0.12217294444444443,0.0
1783095553881599290,52.720032349,bearingfork_joint,-0.1396262222222222,0.0,0.0
1783095553881599290,52.720032349,grapplecarrier_joint,-0.15533417222222218,0.0,-26.0
1783095553881599290,52.720032349,grappletong1_joint,0.0,0.0,0.0
1783095553881599290,52.720032349,grappletong2_joint,0.0,0.0,0.0
1783095553891808157,52.730241216,slew_joint,1.74358245,0.003490655555555555,-7.0
1783095553891808157,52.730241216,boom_joint,0.6894044722222221,0.005235983333333333,63.0
1783095553891808157,52.730241216,stick_joint,-1.1571523166666664,0.0,24.0
1783095553891808157,52.730241216,telescope_joint,0.4939,0.0,-23.0
1783095553891808157,52.730241216,hanger_joint,0.8936078222222221,0.12217294444444443,0.0
1783095553891808157,52.730241216,bearingfork_joint,-0.1396262222222222,0.0,0.0
1783095553891808157,52.730241216,grapplecarrier_joint,-0.15533417222222218,0.0,-26.0
1783095553891808157,52.730241216,grappletong1_joint,0.0,0.0,0.0
1783095553891808157,52.730241216,grappletong2_joint,0.0,0.0,0.0
1783095553901577830,52.740010889,slew_joint,1.74358245,0.003490655555555555,-8.0
1783095553901577830,52.740010889,boom_joint,0.6894044722222221,0.003490655555555555,61.0
1783095553901577830,52.740010889,stick_joint,-1.1571523166666664,0.0,24.0
1783095553901577830,52.740010889,telescope_joint,0.4939,0.0,-23.0
1783095553901577830,52.740010889,hanger_joint,0.8918624944444444,0.12217294444444443,0.0
1783095553901577830,52.740010889,bearingfork_joint,-0.1396262222222222,0.0,0.0
1783095553901577830,52.740010889,grapplecarrier_joint,-0.15533417222222218,0.0,-26.0
1783095553901577830,52.740010889,grappletong1_joint,0.0,0.0,0.0
1783095553901577830,52.740010889,grappletong2_joint,0.0,0.0,0.0
1783095553911357331,52.74979039,slew_joint,1.74358245,0.003490655555555555,-8.0
1783095553911357331,52.74979039,boom_joint,0.6894044722222221,0.003490655555555555,61.0
1783095553911357331,52.74979039,stick_joint,-1.1571523166666664,0.0,24.0
1783095553911357331,52.74979039,telescope_joint,0.4939,0.0,-23.0
1783095553911357331,52.74979039,hanger_joint,0.8918624944444444,0.12217294444444443,0.0
1783095553911357331,52.74979039,bearingfork_joint,-0.1396262222222222,0.0,0.0
1783095553911357331,52.74979039,grapplecarrier_joint,-0.15533417222222218,0.0,-26.0
1783095553911357331,52.74979039,grappletong1_joint,0.0,0.0,0.0
1783095553911357331,52.74979039,grappletong2_joint,0.0,0.0,0.0
1783095553921846953,52.760280012,slew_joint,1.74358245,0.003490655555555555,-8.0
1783095553921846953,52.760280012,boom_joint,0.6894044722222221,0.003490655555555555,58.0
1783095553921846953,52.760280012,stick_joint,-1.1571523166666664,0.0,24.0
1783095553921846953,52.760280012,telescope_joint,0.4939,0.0,-23.0
1783095553921846953,52.760280012,hanger_joint,0.8883718388888888,0.1169369611111111,0.0
1783095553921846953,52.760280012,bearingfork_joint,-0.1396262222222222,0.0,0.0
1783095553921846953,52.760280012,grapplecarrier_joint,-0.15533417222222218,0.0,-26.0
1783095553921846953,52.760280012,grappletong1_joint,0.0,0.0,0.0
1783095553921846953,52.760280012,grappletong2_joint,0.0,0.0,0.0
1783095553931516003,52.769949062,slew_joint,1.74358245,0.003490655555555555,-8.0
1783095553931516003,52.769949062,boom_joint,0.6894044722222221,0.003490655555555555,58.0
1783095553931516003,52.769949062,stick_joint,-1.1571523166666664,0.0,24.0
1783095553931516003,52.769949062,telescope_joint,0.4939,0.0,-23.0
1783095553931516003,52.769949062,hanger_joint,0.8883718388888888,0.1169369611111111,0.0
1783095553931516003,52.769949062,bearingfork_joint,-0.1396262222222222,0.0,0.0
1783095553931516003,52.769949062,grapplecarrier_joint,-0.15533417222222218,0.0,-26.0
1783095553931516003,52.769949062,grappletong1_joint,0.0,0.0,0.0
1783095553931516003,52.769949062,grappletong2_joint,0.0,0.0,0.0
1783095553946441980,52.784875039,slew_joint,1.74358245,0.005235983333333333,-9.0
1783095553946441980,52.784875039,boom_joint,0.6894044722222221,0.0017453277777777776,56.0
1783095553946441980,52.784875039,stick_joint,-1.1571523166666664,0.0,24.0
1783095553946441980,52.784875039,telescope_joint,0.4939,0.0,-23.0
1783095553946441980,52.784875039,hanger_joint,0.8866265111111109,0.10995564999999999,0.0
1783095553946441980,52.784875039,bearingfork_joint,-0.1396262222222222,0.0,0.0
1783095553946441980,52.784875039,grapplecarrier_joint,-0.15533417222222218,0.0,-26.0
1783095553946441980,52.784875039,grappletong1_joint,0.0,0.0,0.0
1783095553946441980,52.784875039,grappletong2_joint,0.0,0.0,0.0
1783095553951606645,52.790039704,slew_joint,1.74358245,0.005235983333333333,-9.0
1783095553951606645,52.790039704,boom_joint,0.6894044722222221,0.0017453277777777776,56.0
1783095553951606645,52.790039704,stick_joint,-1.1571523166666664,0.0,24.0
1783095553951606645,52.790039704,telescope_joint,0.4939,0.0,-23.0
1783095553951606645,52.790039704,hanger_joint,0.8866265111111109,0.10995564999999999,0.0
1783095553951606645,52.790039704,bearingfork_joint,-0.1396262222222222,0.0,0.0
1783095553951606645,52.790039704,grapplecarrier_joint,-0.15533417222222218,0.0,-26.0
1783095553951606645,52.790039704,grappletong1_joint,0.0,0.0,0.0
1783095553951606645,52.790039704,grappletong2_joint,0.0,0.0,0.0
1783095553961530858,52.799963917,slew_joint,1.74358245,0.005235983333333333,-10.0
1783095553961530858,52.799963917,boom_joint,0.6894044722222221,0.0017453277777777776,54.0
1783095553961530858,52.799963917,stick_joint,-1.1571523166666664,0.0,24.0
1783095553961530858,52.799963917,telescope_joint,0.4939,0.0,-23.0
1783095553961530858,52.799963917,hanger_joint,0.8848811833333332,0.10995564999999999,0.0
1783095553961530858,52.799963917,bearingfork_joint,-0.1396262222222222,0.0,0.0
1783095553961530858,52.799963917,grapplecarrier_joint,-0.15533417222222218,0.0,-26.0
1783095553961530858,52.799963917,grappletong1_joint,0.0,0.0,0.0
1783095553961530858,52.799963917,grappletong2_joint,0.0,0.0,0.0
1783095553971455604,52.809888663,slew_joint,1.74358245,0.005235983333333333,-10.0
1783095553971455604,52.809888663,boom_joint,0.6894044722222221,0.0017453277777777776,54.0
1783095553971455604,52.809888663,stick_joint,-1.1571523166666664,0.0,24.0
1783095553971455604,52.809888663,telescope_joint,0.4939,0.0,-23.0
1783095553971455604,52.809888663,hanger_joint,0.8848811833333332,0.10995564999999999,0.0
1783095553971455604,52.809888663,bearingfork_joint,-0.1396262222222222,0.0,0.0
1783095553971455604,52.809888663,grapplecarrier_joint,-0.15533417222222218,0.0,-26.0
1783095553971455604,52.809888663,grappletong1_joint,0.0,0.0,0.0
1783095553971455604,52.809888663,grappletong2_joint,0.0,0.0,0.0
1783095553981783862,52.820216921,slew_joint,1.7453277777777776,0.003490655555555555,-9.0
1783095553981783862,52.820216921,boom_joint,0.6894044722222221,0.005235983333333333,53.0
1783095553981783862,52.820216921,stick_joint,-1.1571523166666664,0.0,24.0
1783095553981783862,52.820216921,telescope_joint,0.4939,0.0,-24.0
1783095553981783862,52.820216921,hanger_joint,0.8831358555555555,0.1012290111111111,0.0
1783095553981783862,52.820216921,bearingfork_joint,-0.1396262222222222,0.0,0.0
1783095553981783862,52.820216921,grapplecarrier_joint,-0.15533417222222218,0.0,-26.0
1783095553981783862,52.820216921,grappletong1_joint,0.0,0.0,0.0
1783095553981783862,52.820216921,grappletong2_joint,0.0,0.0,0.0
1783095553991799753,52.830232812,slew_joint,1.7453277777777776,0.003490655555555555,-9.0
1783095553991799753,52.830232812,boom_joint,0.6894044722222221,0.005235983333333333,53.0
1783095553991799753,52.830232812,stick_joint,-1.1571523166666664,0.0,24.0
1783095553991799753,52.830232812,telescope_joint,0.4939,0.0,-24.0
1783095553991799753,52.830232812,hanger_joint,0.8831358555555555,0.1012290111111111,0.0
1783095553991799753,52.830232812,bearingfork_joint,-0.1396262222222222,0.0,0.0
1783095553991799753,52.830232812,grapplecarrier_joint,-0.15533417222222218,0.0,-26.0
1783095553991799753,52.830232812,grappletong1_joint,0.0,0.0,0.0
1783095553991799753,52.830232812,grappletong2_joint,0.0,0.0,0.0
1783095554001470299,52.839903358,slew_joint,1.7453277777777776,0.005235983333333333,-8.0
1783095554001470299,52.839903358,boom_joint,0.6894044722222221,0.003490655555555555,51.0
1783095554001470299,52.839903358,stick_joint,-1.1571523166666664,0.0,24.0
1783095554001470299,52.839903358,telescope_joint,0.4939,0.0,-24.0
1783095554001470299,52.839903358,hanger_joint,0.8813905277777776,0.09773835555555554,0.0
1783095554001470299,52.839903358,bearingfork_joint,-0.1396262222222222,0.0,0.0
1783095554001470299,52.839903358,grapplecarrier_joint,-0.15533417222222218,0.0,-26.0
1783095554001470299,52.839903358,grappletong1_joint,0.0,0.0,0.0
1783095554001470299,52.839903358,grappletong2_joint,0.0,0.0,0.0
1783095554011695561,52.85012862,slew_joint,1.7453277777777776,0.005235983333333333,-8.0
1783095554011695561,52.85012862,boom_joint,0.6894044722222221,0.003490655555555555,51.0
1783095554011695561,52.85012862,stick_joint,-1.1571523166666664,0.0,24.0
1783095554011695561,52.85012862,telescope_joint,0.4939,0.0,-24.0
1783095554011695561,52.85012862,hanger_joint,0.8813905277777776,0.09773835555555554,0.0
1783095554011695561,52.85012862,bearingfork_joint,-0.1396262222222222,0.0,0.0
1783095554011695561,52.85012862,grapplecarrier_joint,-0.15533417222222218,0.0,-26.0
1783095554011695561,52.85012862,grappletong1_joint,0.0,0.0,0.0
1783095554011695561,52.85012862,grappletong2_joint,0.0,0.0,0.0
1783095554021737725,52.860170784,slew_joint,1.7453277777777776,0.003490655555555555,-8.0
1783095554021737725,52.860170784,boom_joint,0.6894044722222221,0.003490655555555555,50.0
1783095554021737725,52.860170784,stick_joint,-1.1571523166666664,0.0,24.0
1783095554021737725,52.860170784,telescope_joint,0.4939,0.0,-24.0
1783095554021737725,52.860170784,hanger_joint,0.8796451999999999,0.09599302777777777,0.0
1783095554021737725,52.860170784,bearingfork_joint,-0.1396262222222222,0.0,0.0
1783095554021737725,52.860170784,grapplecarrier_joint,-0.15533417222222218,0.0,-26.0
1783095554021737725,52.860170784,grappletong1_joint,0.0,0.0,0.0
1783095554021737725,52.860170784,grappletong2_joint,0.0,0.0,0.0
1783095554031796806,52.870229865,slew_joint,1.7453277777777776,0.003490655555555555,-8.0
1783095554031796806,52.870229865,boom_joint,0.6894044722222221,0.003490655555555555,50.0
1783095554031796806,52.870229865,stick_joint,-1.1571523166666664,0.0,24.0
1783095554031796806,52.870229865,telescope_joint,0.4939,0.0,-24.0
1783095554031796806,52.870229865,hanger_joint,0.8796451999999999,0.09599302777777777,0.0
1783095554031796806,52.870229865,bearingfork_joint,-0.1396262222222222,0.0,0.0
1783095554031796806,52.870229865,grapplecarrier_joint,-0.15533417222222218,0.0,-26.0
1783095554031796806,52.870229865,grappletong1_joint,0.0,0.0,0.0
1783095554031796806,52.870229865,grappletong2_joint,0.0,0.0,0.0
1783095554041680430,52.880113489,slew_joint,1.7453277777777776,0.003490655555555555,-7.0
1783095554041680430,52.880113489,boom_joint,0.6894044722222221,0.0,50.0
1783095554041680430,52.880113489,stick_joint,-1.1571523166666664,0.0,24.0
1783095554041680430,52.880113489,telescope_joint,0.4939,0.0,-24.0
1783095554041680430,52.880113489,hanger_joint,0.8778998722222222,0.0855210611111111,0.0
1783095554041680430,52.880113489,bearingfork_joint,-0.1396262222222222,0.0,0.0
1783095554041680430,52.880113489,grapplecarrier_joint,-0.15533417222222218,0.0,-26.0
1783095554041680430,52.880113489,grappletong1_joint,0.0,0.0,0.0
1783095554041680430,52.880113489,grappletong2_joint,0.0,0.0,0.0
1783095554051432667,52.889865726,slew_joint,1.7453277777777776,0.003490655555555555,-7.0
1783095554051432667,52.889865726,boom_joint,0.6894044722222221,0.0,50.0
1783095554051432667,52.889865726,stick_joint,-1.1571523166666664,0.0,24.0
1783095554051432667,52.889865726,telescope_joint,0.4939,0.0,-24.0
1783095554051432667,52.889865726,hanger_joint,0.8778998722222222,0.0855210611111111,0.0
1783095554051432667,52.889865726,bearingfork_joint,-0.1396262222222222,0.0,0.0
1783095554051432667,52.889865726,grapplecarrier_joint,-0.15533417222222218,0.0,-26.0
1783095554051432667,52.889865726,grappletong1_joint,0.0,0.0,0.0
1783095554051432667,52.889865726,grappletong2_joint,0.0,0.0,0.0
1783095554061260224,52.899693283,slew_joint,1.7453277777777776,0.003490655555555555,-7.0
1783095554061260224,52.899693283,boom_joint,0.6894044722222221,0.0,49.0
1783095554061260224,52.899693283,stick_joint,-1.1571523166666664,0.0,24.0
1783095554061260224,52.899693283,telescope_joint,0.4939,0.0,-24.0
1783095554061260224,52.899693283,hanger_joint,0.8761545444444443,0.08203040555555555,0.0
1783095554061260224,52.899693283,bearingfork_joint,-0.1396262222222222,0.0,0.0
1783095554061260224,52.899693283,grapplecarrier_joint,-0.15533417222222218,0.0,-26.0
1783095554061260224,52.899693283,grappletong1_joint,0.0,0.0,0.0
1783095554061260224,52.899693283,grappletong2_joint,0.0,0.0,0.0
1783095554071308992,52.909742051,slew_joint,1.7453277777777776,0.003490655555555555,-7.0
1783095554071308992,52.909742051,boom_joint,0.6894044722222221,0.0,49.0
1783095554071308992,52.909742051,stick_joint,-1.1571523166666664,0.0,24.0
1783095554071308992,52.909742051,telescope_joint,0.4939,0.0,-24.0
1783095554071308992,52.909742051,hanger_joint,0.8761545444444443,0.08203040555555555,0.0
1783095554071308992,52.909742051,bearingfork_joint,-0.1396262222222222,0.0,0.0
1783095554071308992,52.909742051,grapplecarrier_joint,-0.15533417222222218,0.0,-26.0
1783095554071308992,52.909742051,grappletong1_joint,0.0,0.0,0.0
1783095554071308992,52.909742051,grappletong2_joint,0.0,0.0,0.0
1783095554081370959,52.919804018,slew_joint,1.7453277777777776,0.0017453277777777776,-6.0
1783095554081370959,52.919804018,boom_joint,0.6894044722222221,0.0,49.0
1783095554081370959,52.919804018,stick_joint,-1.1571523166666664,-0.0017453277777777776,24.0
1783095554081370959,52.919804018,telescope_joint,0.4939,0.0,-24.0
1783095554081370959,52.919804018,hanger_joint,0.8744092166666666,0.07679442222222221,0.0
1783095554081370959,52.919804018,bearingfork_joint,-0.1396262222222222,0.0,0.0
1783095554081370959,52.919804018,grapplecarrier_joint,-0.15533417222222218,0.0,-26.0
1783095554081370959,52.919804018,grappletong1_joint,0.0,0.0,0.0
1783095554081370959,52.919804018,grappletong2_joint,0.0,0.0,0.0
1783095554091548757,52.929981816,slew_joint,1.7453277777777776,0.0017453277777777776,-6.0
1783095554091548757,52.929981816,boom_joint,0.6894044722222221,0.0,49.0
1783095554091548757,52.929981816,stick_joint,-1.1571523166666664,-0.0017453277777777776,24.0
1783095554091548757,52.929981816,telescope_joint,0.4939,0.0,-24.0
1783095554091548757,52.929981816,hanger_joint,0.8744092166666666,0.07679442222222221,0.0
1783095554091548757,52.929981816,bearingfork_joint,-0.1396262222222222,0.0,0.0
1783095554091548757,52.929981816,grapplecarrier_joint,-0.15533417222222218,0.0,-26.0
1783095554091548757,52.929981816,grappletong1_joint,0.0,0.0,0.0
1783095554091548757,52.929981816,grappletong2_joint,0.0,0.0,0.0
1783095554101185273,52.939618332,slew_joint,1.7453277777777776,0.0017453277777777776,-6.0
1783095554101185273,52.939618332,boom_joint,0.6894044722222221,0.0,48.0
1783095554101185273,52.939618332,stick_joint,-1.1571523166666664,-0.0017453277777777776,24.0
1783095554101185273,52.939618332,telescope_joint,0.4939,0.0,-24.0
1783095554101185273,52.939618332,hanger_joint,0.8726638888888889,0.0698131111111111,0.0
1783095554101185273,52.939618332,bearingfork_joint,-0.1396262222222222,0.0,0.0
1783095554101185273,52.939618332,grapplecarrier_joint,-0.15533417222222218,0.0,-26.0
1783095554101185273,52.939618332,grappletong1_joint,0.0,0.0,0.0
1783095554101185273,52.939618332,grappletong2_joint,0.0,0.0,0.0
1783095554111349213,52.949782272,slew_joint,1.7453277777777776,0.0017453277777777776,-6.0
1783095554111349213,52.949782272,boom_joint,0.6894044722222221,0.0,48.0
1783095554111349213,52.949782272,stick_joint,-1.1571523166666664,-0.0017453277777777776,24.0
1783095554111349213,52.949782272,telescope_joint,0.4939,0.0,-24.0
1783095554111349213,52.949782272,hanger_joint,0.8726638888888889,0.0698131111111111,0.0
1783095554111349213,52.949782272,bearingfork_joint,-0.1396262222222222,0.0,0.0
1783095554111349213,52.949782272,grapplecarrier_joint,-0.15533417222222218,0.0,-26.0
1783095554111349213,52.949782272,grappletong1_joint,0.0,0.0,0.0
1783095554111349213,52.949782272,grappletong2_joint,0.0,0.0,0.0
1783095554121417471,52.95985053,slew_joint,1.7453277777777776,0.0017453277777777776,-5.0
1783095554121417471,52.95985053,boom_joint,0.6894044722222221,0.0,48.0
1783095554121417471,52.95985053,stick_joint,-1.1571523166666664,0.0,24.0
1783095554121417471,52.95985053,telescope_joint,0.4939,0.0,-24.0
1783095554121417471,52.95985053,hanger_joint,0.8726638888888889,0.061086472222222216,0.0
1783095554121417471,52.95985053,bearingfork_joint,-0.1396262222222222,0.0,0.0
1783095554121417471,52.95985053,grapplecarrier_joint,-0.15533417222222218,0.0,-26.0
1783095554121417471,52.95985053,grappletong1_joint,0.0,0.0,0.0
1783095554121417471,52.95985053,grappletong2_joint,0.0,0.0,0.0
1783095554131419947,52.969853006,slew_joint,1.7453277777777776,0.0017453277777777776,-5.0
1783095554131419947,52.969853006,boom_joint,0.6894044722222221,0.0,48.0
1783095554131419947,52.969853006,stick_joint,-1.1571523166666664,0.0,24.0
1783095554131419947,52.969853006,telescope_joint,0.4939,0.0,-24.0
1783095554131419947,52.969853006,hanger_joint,0.8726638888888889,0.061086472222222216,0.0
1783095554131419947,52.969853006,bearingfork_joint,-0.1396262222222222,0.0,0.0
1783095554131419947,52.969853006,grapplecarrier_joint,-0.15533417222222218,0.0,-26.0
1783095554131419947,52.969853006,grappletong1_joint,0.0,0.0,0.0
1783095554131419947,52.969853006,grappletong2_joint,0.0,0.0,0.0
1783095554141502751,52.97993581,slew_joint,1.7453277777777776,0.0017453277777777776,-5.0
1783095554141502751,52.97993581,boom_joint,0.6894044722222221,0.0,48.0
1783095554141502751,52.97993581,stick_joint,-1.1571523166666664,0.0,24.0
1783095554141502751,52.97993581,telescope_joint,0.4939,0.0,-24.0
1783095554141502751,52.97993581,hanger_joint,0.870918561111111,0.05061450555555555,0.0
1783095554141502751,52.97993581,bearingfork_joint,-0.1396262222222222,0.0,0.0
1783095554141502751,52.97993581,grapplecarrier_joint,-0.15533417222222218,0.0,-26.0
1783095554141502751,52.97993581,grappletong1_joint,0.0,0.0,0.0
1783095554141502751,52.97993581,grappletong2_joint,0.0,0.0,0.0
1783095554151817364,52.990250423,slew_joint,1.7453277777777776,0.0017453277777777776,-5.0
1783095554151817364,52.990250423,boom_joint,0.6894044722222221,0.0,48.0
1783095554151817364,52.990250423,stick_joint,-1.1571523166666664,0.0,24.0
1783095554151817364,52.990250423,telescope_joint,0.4939,0.0,-24.0
1783095554151817364,52.990250423,hanger_joint,0.870918561111111,0.05061450555555555,0.0
1783095554151817364,52.990250423,bearingfork_joint,-0.1396262222222222,0.0,0.0
1783095554151817364,52.990250423,grapplecarrier_joint,-0.15533417222222218,0.0,-26.0
1783095554151817364,52.990250423,grappletong1_joint,0.0,0.0,0.0
1783095554151817364,52.990250423,grappletong2_joint,0.0,0.0,0.0
1783095554161653525,53.000086584,slew_joint,1.7453277777777776,0.0017453277777777776,-4.0
1783095554161653525,53.000086584,boom_joint,0.6894044722222221,0.0,48.0
1783095554161653525,53.000086584,stick_joint,-1.1571523166666664,0.0,24.0
1783095554161653525,53.000086584,telescope_joint,0.4939,0.0,-24.0
1783095554161653525,53.000086584,hanger_joint,0.870918561111111,0.047123849999999995,0.0
1783095554161653525,53.000086584,bearingfork_joint,-0.1396262222222222,0.0,0.0
1783095554161653525,53.000086584,grapplecarrier_joint,-0.15533417222222218,0.0,-26.0
1783095554161653525,53.000086584,grappletong1_joint,0.0,0.0,0.0
1783095554161653525,53.000086584,grappletong2_joint,0.0,0.0,0.0
1783095554171834350,53.010267409,slew_joint,1.7453277777777776,0.0017453277777777776,-4.0
1783095554171834350,53.010267409,boom_joint,0.6894044722222221,0.0,48.0
1783095554171834350,53.010267409,stick_joint,-1.1571523166666664,0.0,24.0
1783095554171834350,53.010267409,telescope_joint,0.4939,0.0,-24.0
1783095554171834350,53.010267409,hanger_joint,0.870918561111111,0.047123849999999995,0.0
1783095554171834350,53.010267409,bearingfork_joint,-0.1396262222222222,0.0,0.0
1783095554171834350,53.010267409,grapplecarrier_joint,-0.15533417222222218,0.0,-26.0
1783095554171834350,53.010267409,grappletong1_joint,0.0,0.0,0.0
1783095554171834350,53.010267409,grappletong2_joint,0.0,0.0,0.0
1783095554181515997,53.019949056,slew_joint,1.7453277777777776,0.0017453277777777776,-4.0
1783095554181515997,53.019949056,boom_joint,0.6894044722222221,0.0,48.0
1783095554181515997,53.019949056,stick_joint,-1.1571523166666664,0.0,24.0
1783095554181515997,53.019949056,telescope_joint,0.4939,0.0,-24.0
1783095554181515997,53.019949056,hanger_joint,0.8691732333333333,0.04188786666666666,0.0
1783095554181515997,53.019949056,bearingfork_joint,-0.1396262222222222,0.0,0.0
1783095554181515997,53.019949056,grapplecarrier_joint,-0.15533417222222218,0.0,-26.0
1783095554181515997,53.019949056,grappletong1_joint,0.0,0.0,0.0
1783095554181515997,53.019949056,grappletong2_joint,0.0,0.0,0.0
1783095554191285900,53.029718959,slew_joint,1.7453277777777776,0.0017453277777777776,-4.0
1783095554191285900,53.029718959,boom_joint,0.6894044722222221,0.0,48.0
1783095554191285900,53.029718959,stick_joint,-1.1571523166666664,0.0,24.0
1783095554191285900,53.029718959,telescope_joint,0.4939,0.0,-24.0
1783095554191285900,53.029718959,hanger_joint,0.8691732333333333,0.04188786666666666,0.0
1783095554191285900,53.029718959,bearingfork_joint,-0.1396262222222222,0.0,0.0
1783095554191285900,53.029718959,grapplecarrier_joint,-0.15533417222222218,0.0,-26.0
1783095554191285900,53.029718959,grappletong1_joint,0.0,0.0,0.0
1783095554191285900,53.029718959,grappletong2_joint,0.0,0.0,0.0
1783095554201381769,53.039814828,slew_joint,1.7453277777777776,0.0,-4.0
1783095554201381769,53.039814828,boom_joint,0.6894044722222221,0.0,48.0
1783095554201381769,53.039814828,stick_joint,-1.1571523166666664,0.0,24.0
1783095554201381769,53.039814828,telescope_joint,0.4939,0.0,-24.0
1783095554201381769,53.039814828,hanger_joint,0.8691732333333333,0.03665188333333333,0.0
1783095554201381769,53.039814828,bearingfork_joint,-0.1396262222222222,0.0,0.0
1783095554201381769,53.039814828,grapplecarrier_joint,-0.15533417222222218,0.0,-26.0
1783095554201381769,53.039814828,grappletong1_joint,0.0,0.0,0.0
1783095554201381769,53.039814828,grappletong2_joint,0.0,0.0,0.0
1783095554211424602,53.049857661,slew_joint,1.7453277777777776,0.0,-4.0
1783095554211424602,53.049857661,boom_joint,0.6894044722222221,0.0,48.0
1783095554211424602,53.049857661,stick_joint,-1.1571523166666664,0.0,24.0
1783095554211424602,53.049857661,telescope_joint,0.4939,0.0,-24.0
1783095554211424602,53.049857661,hanger_joint,0.8691732333333333,0.03665188333333333,0.0
1783095554211424602,53.049857661,bearingfork_joint,-0.1396262222222222,0.0,0.0
1783095554211424602,53.049857661,grapplecarrier_joint,-0.15533417222222218,0.0,-26.0
1783095554211424602,53.049857661,grappletong1_joint,0.0,0.0,0.0
1783095554211424602,53.049857661,grappletong2_joint,0.0,0.0,0.0
1783095554221264502,53.059697561,slew_joint,1.7453277777777776,0.0017453277777777776,-3.0
1783095554221264502,53.059697561,boom_joint,0.6894044722222221,0.0,48.0
1783095554221264502,53.059697561,stick_joint,-1.1571523166666664,0.0,24.0
1783095554221264502,53.059697561,telescope_joint,0.4939,0.0,-24.0
1783095554221264502,53.059697561,hanger_joint,0.8674279055555554,0.033161227777777774,0.0
1783095554221264502,53.059697561,bearingfork_joint,-0.1396262222222222,0.0,0.0
1783095554221264502,53.059697561,grapplecarrier_joint,-0.15533417222222218,0.0,-26.0
1783095554221264502,53.059697561,grappletong1_joint,0.0,0.0,0.0
1783095554221264502,53.059697561,grappletong2_joint,0.0,0.0,0.0
1783095554231669605,53.070102664,slew_joint,1.7453277777777776,0.0017453277777777776,-3.0
1783095554231669605,53.070102664,boom_joint,0.6894044722222221,0.0,48.0
1783095554231669605,53.070102664,stick_joint,-1.1571523166666664,0.0,24.0
1783095554231669605,53.070102664,telescope_joint,0.4939,0.0,-24.0
1783095554231669605,53.070102664,hanger_joint,0.8674279055555554,0.033161227777777774,0.0
1783095554231669605,53.070102664,bearingfork_joint,-0.1396262222222222,0.0,0.0
1783095554231669605,53.070102664,grapplecarrier_joint,-0.15533417222222218,0.0,-26.0
1783095554231669605,53.070102664,grappletong1_joint,0.0,0.0,0.0
1783095554231669605,53.070102664,grappletong2_joint,0.0,0.0,0.0
1783095554241315442,53.079748501,slew_joint,1.7453277777777776,0.0017453277777777776,-3.0
1783095554241315442,53.079748501,boom_joint,0.6894044722222221,0.0,48.0
1783095554241315442,53.079748501,stick_joint,-1.1571523166666664,0.0,24.0
1783095554241315442,53.079748501,telescope_joint,0.4939,0.0,-24.0
1783095554241315442,53.079748501,hanger_joint,0.8674279055555554,0.024434588888888886,0.0
1783095554241315442,53.079748501,bearingfork_joint,-0.1396262222222222,0.0,0.0
1783095554241315442,53.079748501,grapplecarrier_joint,-0.15533417222222218,0.0,-26.0
1783095554241315442,53.079748501,grappletong1_joint,0.0,0.0,0.0
1783095554241315442,53.079748501,grappletong2_joint,0.0,0.0,0.0
1783095554251123775,53.089556834,slew_joint,1.7453277777777776,0.0017453277777777776,-3.0
1783095554251123775,53.089556834,boom_joint,0.6894044722222221,0.0,48.0
1783095554251123775,53.089556834,stick_joint,-1.1571523166666664,0.0,24.0
1783095554251123775,53.089556834,telescope_joint,0.4939,0.0,-24.0
1783095554251123775,53.089556834,hanger_joint,0.8674279055555554,0.024434588888888886,0.0
1783095554251123775,53.089556834,bearingfork_joint,-0.1396262222222222,0.0,0.0
1783095554251123775,53.089556834,grapplecarrier_joint,-0.15533417222222218,0.0,-26.0
1783095554251123775,53.089556834,grappletong1_joint,0.0,0.0,0.0
1783095554251123775,53.089556834,grappletong2_joint,0.0,0.0,0.0
1783095554261315302,53.099748361,slew_joint,1.7453277777777776,0.0,-3.0
1783095554261315302,53.099748361,boom_joint,0.6894044722222221,0.0,48.0
1783095554261315302,53.099748361,stick_joint,-1.1571523166666664,0.0,24.0
1783095554261315302,53.099748361,telescope_joint,0.4939,0.0,-24.0
1783095554261315302,53.099748361,hanger_joint,0.8674279055555554,0.02268926111111111,0.0
1783095554261315302,53.099748361,bearingfork_joint,-0.1396262222222222,0.0,0.0
1783095554261315302,53.099748361,grapplecarrier_joint,-0.15533417222222218,0.0,-26.0
1783095554261315302,53.099748361,grappletong1_joint,0.0,0.0,0.0
1783095554261315302,53.099748361,grappletong2_joint,0.0,0.0,0.0
1783095554271203405,53.109636464,slew_joint,1.7453277777777776,0.0,-3.0
1783095554271203405,53.109636464,boom_joint,0.6894044722222221,0.0,48.0
1783095554271203405,53.109636464,stick_joint,-1.1571523166666664,0.0,24.0
1783095554271203405,53.109636464,telescope_joint,0.4939,0.0,-24.0
1783095554271203405,53.109636464,hanger_joint,0.8674279055555554,0.02268926111111111,0.0
1783095554271203405,53.109636464,bearingfork_joint,-0.1396262222222222,0.0,0.0
1783095554271203405,53.109636464,grapplecarrier_joint,-0.15533417222222218,0.0,-26.0
1783095554271203405,53.109636464,grappletong1_joint,0.0,0.0,0.0
1783095554271203405,53.109636464,grappletong2_joint,0.0,0.0,0.0
1783095554281530636,53.119963695,slew_joint,1.7453277777777776,0.0,-3.0
1783095554281530636,53.119963695,boom_joint,0.6894044722222221,0.0,48.0
1783095554281530636,53.119963695,stick_joint,-1.1571523166666664,0.0,24.0
1783095554281530636,53.119963695,telescope_joint,0.4939,0.0,-24.0
1783095554281530636,53.119963695,hanger_joint,0.8674279055555554,0.017453277777777776,0.0
1783095554281530636,53.119963695,bearingfork_joint,-0.1396262222222222,0.0,0.0
1783095554281530636,53.119963695,grapplecarrier_joint,-0.15533417222222218,0.0,-26.0
1783095554281530636,53.119963695,grappletong1_joint,0.0,0.0,0.0
1783095554281530636,53.119963695,grappletong2_joint,0.0,0.0,0.0
1783095554291570594,53.130003653,slew_joint,1.7453277777777776,0.0,-3.0
1783095554291570594,53.130003653,boom_joint,0.6894044722222221,0.0,48.0
1783095554291570594,53.130003653,stick_joint,-1.1571523166666664,0.0,24.0
1783095554291570594,53.130003653,telescope_joint,0.4939,0.0,-24.0
1783095554291570594,53.130003653,hanger_joint,0.8674279055555554,0.017453277777777776,0.0
1783095554291570594,53.130003653,bearingfork_joint,-0.1396262222222222,0.0,0.0
1783095554291570594,53.130003653,grapplecarrier_joint,-0.15533417222222218,0.0,-26.0
1783095554291570594,53.130003653,grappletong1_joint,0.0,0.0,0.0
1783095554291570594,53.130003653,grappletong2_joint,0.0,0.0,0.0
1783095554301355781,53.13978884,slew_joint,1.7453277777777776,0.0,-3.0
1783095554301355781,53.13978884,boom_joint,0.6894044722222221,0.0,48.0
1783095554301355781,53.13978884,stick_joint,-1.1588976444444443,-0.0017453277777777776,24.0
1783095554301355781,53.13978884,telescope_joint,0.4939,0.0,-24.0
1783095554301355781,53.13978884,hanger_joint,0.8674279055555554,0.01570795,0.0
1783095554301355781,53.13978884,bearingfork_joint,-0.1396262222222222,0.0,0.0
1783095554301355781,53.13978884,grapplecarrier_joint,-0.15533417222222218,0.0,-26.0
1783095554301355781,53.13978884,grappletong1_joint,0.0,0.0,0.0
1783095554301355781,53.13978884,grappletong2_joint,0.0,0.0,0.0
1783095554312056802,53.150489861,slew_joint,1.7453277777777776,0.0,-3.0
1783095554312056802,53.150489861,boom_joint,0.6894044722222221,0.0,48.0
1783095554312056802,53.150489861,stick_joint,-1.1588976444444443,-0.0017453277777777776,24.0
1783095554312056802,53.150489861,telescope_joint,0.4939,0.0,-24.0
1783095554312056802,53.150489861,hanger_joint,0.8674279055555554,0.01570795,0.0
1783095554312056802,53.150489861,bearingfork_joint,-0.1396262222222222,0.0,0.0
1783095554312056802,53.150489861,grapplecarrier_joint,-0.15533417222222218,0.0,-26.0
1783095554312056802,53.150489861,grappletong1_joint,0.0,0.0,0.0
1783095554312056802,53.150489861,grappletong2_joint,0.0,0.0,0.0
1783095554321893970,53.160327029,slew_joint,1.7453277777777776,0.0,-3.0
1783095554321893970,53.160327029,boom_joint,0.6894044722222221,0.0,48.0
1783095554321893970,53.160327029,stick_joint,-1.1588976444444443,-0.0017453277777777776,24.0
1783095554321893970,53.160327029,telescope_joint,0.4939,0.0,-24.0
1783095554321893970,53.160327029,hanger_joint,0.8674279055555554,0.00698131111111111,0.0
1783095554321893970,53.160327029,bearingfork_joint,-0.1396262222222222,0.0,0.0
1783095554321893970,53.160327029,grapplecarrier_joint,-0.15533417222222218,0.0,-26.0
1783095554321893970,53.160327029,grappletong1_joint,0.0,0.0,0.0
1783095554321893970,53.160327029,grappletong2_joint,0.0,0.0,0.0
1783095554331508089,53.169941148,slew_joint,1.7453277777777776,0.0,-3.0
1783095554331508089,53.169941148,boom_joint,0.6894044722222221,0.0,48.0
1783095554331508089,53.169941148,stick_joint,-1.1588976444444443,-0.0017453277777777776,24.0
1783095554331508089,53.169941148,telescope_joint,0.4939,0.0,-24.0
1783095554331508089,53.169941148,hanger_joint,0.8674279055555554,0.00698131111111111,0.0
1783095554331508089,53.169941148,bearingfork_joint,-0.1396262222222222,0.0,0.0
1783095554331508089,53.169941148,grapplecarrier_joint,-0.15533417222222218,0.0,-26.0
1783095554331508089,53.169941148,grappletong1_joint,0.0,0.0,0.0
1783095554331508089,53.169941148,grappletong2_joint,0.0,0.0,0.0
1783095554341588428,53.180021487,slew_joint,1.7453277777777776,0.0,0.0
1783095554341588428,53.180021487,boom_joint,0.6894044722222221,0.0,0.0
1783095554341588428,53.180021487,stick_joint,-1.1588976444444443,0.0,0.0
1783095554341588428,53.180021487,telescope_joint,0.4939,0.0,0.0
1783095554341588428,53.180021487,hanger_joint,0.8674279055555554,0.003490655555555555,0.0
1783095554341588428,53.180021487,bearingfork_joint,-0.1396262222222222,0.005235983333333333,0.0
1783095554341588428,53.180021487,grapplecarrier_joint,-0.15533417222222218,0.0,0.0
1783095554341588428,53.180021487,grappletong1_joint,0.0,0.0,0.0
1783095554341588428,53.180021487,grappletong2_joint,0.0,0.0,0.0
1783095554351271740,53.189704799,slew_joint,1.7453277777777776,0.0,0.0
1783095554351271740,53.189704799,boom_joint,0.6894044722222221,0.0,0.0
1783095554351271740,53.189704799,stick_joint,-1.1588976444444443,0.0,0.0
1783095554351271740,53.189704799,telescope_joint,0.4939,0.0,0.0
1783095554351271740,53.189704799,hanger_joint,0.8674279055555554,0.003490655555555555,0.0
1783095554351271740,53.189704799,bearingfork_joint,-0.1396262222222222,0.005235983333333333,0.0
1783095554351271740,53.189704799,grapplecarrier_joint,-0.15533417222222218,0.0,0.0
1783095554351271740,53.189704799,grappletong1_joint,0.0,0.0,0.0
1783095554351271740,53.189704799,grappletong2_joint,0.0,0.0,0.0
1783095554361516048,53.199949107,slew_joint,1.7453277777777776,0.0,0.0
1783095554361516048,53.199949107,boom_joint,0.6894044722222221,0.0,0.0
1783095554361516048,53.199949107,stick_joint,-1.1588976444444443,0.0,0.0
1783095554361516048,53.199949107,telescope_joint,0.4939,0.0,0.0
1783095554361516048,53.199949107,hanger_joint,0.8674279055555554,0.0,0.0
1783095554361516048,53.199949107,bearingfork_joint,-0.1396262222222222,0.008726638888888888,0.0
1783095554361516048,53.199949107,grapplecarrier_joint,-0.15533417222222218,0.0,0.0
1783095554361516048,53.199949107,grappletong1_joint,0.0,0.0,0.0
1783095554361516048,53.199949107,grappletong2_joint,0.0,0.0,0.0
1783095554371840520,53.210273579,slew_joint,1.7453277777777776,0.0,0.0
1783095554371840520,53.210273579,boom_joint,0.6894044722222221,0.0,0.0
1783095554371840520,53.210273579,stick_joint,-1.1588976444444443,0.0,0.0
1783095554371840520,53.210273579,telescope_joint,0.4939,0.0,0.0
1783095554371840520,53.210273579,hanger_joint,0.8674279055555554,0.0,0.0
1783095554371840520,53.210273579,bearingfork_joint,-0.1396262222222222,0.008726638888888888,0.0
1783095554371840520,53.210273579,grapplecarrier_joint,-0.15533417222222218,0.0,0.0
1783095554371840520,53.210273579,grappletong1_joint,0.0,0.0,0.0
1783095554371840520,53.210273579,grappletong2_joint,0.0,0.0,0.0
1783095554381122869,53.219555928,slew_joint,1.7453277777777776,0.0,0.0
1783095554381122869,53.219555928,boom_joint,0.6894044722222221,0.0,0.0
1783095554381122869,53.219555928,stick_joint,-1.1588976444444443,0.0,0.0
1783095554381122869,53.219555928,telescope_joint,0.4939,0.0,0.0
1783095554381122869,53.219555928,hanger_joint,0.8674279055555554,0.0,0.0
1783095554381122869,53.219555928,bearingfork_joint,-0.14137154999999998,0.012217294444444443,0.0
1783095554381122869,53.219555928,grapplecarrier_joint,-0.15533417222222218,0.0,0.0
1783095554381122869,53.219555928,grappletong1_joint,0.0,0.0,0.0
1783095554381122869,53.219555928,grappletong2_joint,0.0,0.0,0.0
1783095554391490104,53.229923163,slew_joint,1.7453277777777776,0.0,0.0
1783095554391490104,53.229923163,boom_joint,0.6894044722222221,0.0,0.0
1783095554391490104,53.229923163,stick_joint,-1.1588976444444443,0.0,0.0
1783095554391490104,53.229923163,telescope_joint,0.4939,0.0,0.0
1783095554391490104,53.229923163,hanger_joint,0.8674279055555554,0.0,0.0
1783095554391490104,53.229923163,bearingfork_joint,-0.14137154999999998,0.012217294444444443,0.0
1783095554391490104,53.229923163,grapplecarrier_joint,-0.15533417222222218,0.0,0.0
1783095554391490104,53.229923163,grappletong1_joint,0.0,0.0,0.0
1783095554391490104,53.229923163,grappletong2_joint,0.0,0.0,0.0
1783095554401959942,53.240393001,slew_joint,1.7453277777777776,0.0,0.0
1783095554401959942,53.240393001,boom_joint,0.6894044722222221,0.0,0.0
1783095554401959942,53.240393001,stick_joint,-1.1588976444444443,0.0,0.0
1783095554401959942,53.240393001,telescope_joint,0.494,0.0,0.0
1783095554401959942,53.240393001,hanger_joint,0.8674279055555554,0.0,0.0
1783095554401959942,53.240393001,bearingfork_joint,-0.14137154999999998,0.01396262222222222,0.0
1783095554401959942,53.240393001,grapplecarrier_joint,-0.15533417222222218,0.0,0.0
1783095554401959942,53.240393001,grappletong1_joint,0.0,0.0,0.0
1783095554401959942,53.240393001,grappletong2_joint,0.0,0.0,0.0
1783095554411693668,53.250126727,slew_joint,1.7453277777777776,0.0,0.0
1783095554411693668,53.250126727,boom_joint,0.6894044722222221,0.0,0.0
1783095554411693668,53.250126727,stick_joint,-1.1588976444444443,0.0,0.0
1783095554411693668,53.250126727,telescope_joint,0.494,0.0,0.0
1783095554411693668,53.250126727,hanger_joint,0.8674279055555554,0.0,0.0
1783095554411693668,53.250126727,bearingfork_joint,-0.14137154999999998,0.01396262222222222,0.0
1783095554411693668,53.250126727,grapplecarrier_joint,-0.15533417222222218,0.0,0.0
1783095554411693668,53.250126727,grappletong1_joint,0.0,0.0,0.0
1783095554411693668,53.250126727,grappletong2_joint,0.0,0.0,0.0
1783095554421732937,53.260165996,slew_joint,1.7453277777777776,0.0,0.0
1783095554421732937,53.260165996,boom_joint,0.6894044722222221,0.0,0.0
1783095554421732937,53.260165996,stick_joint,-1.1588976444444443,0.0,0.0
1783095554421732937,53.260165996,telescope_joint,0.494,0.0,0.0
1783095554421732937,53.260165996,hanger_joint,0.8674279055555554,0.0,0.0
1783095554421732937,53.260165996,bearingfork_joint,-0.14137154999999998,0.017453277777777776,0.0
1783095554421732937,53.260165996,grapplecarrier_joint,-0.15533417222222218,0.0,0.0
1783095554421732937,53.260165996,grappletong1_joint,0.0,0.0,0.0
1783095554421732937,53.260165996,grappletong2_joint,0.0,0.0,0.0
1783095554432023081,53.27045614,slew_joint,1.7453277777777776,0.0,0.0
1783095554432023081,53.27045614,boom_joint,0.6894044722222221,0.0,0.0
1783095554432023081,53.27045614,stick_joint,-1.1588976444444443,0.0,0.0
1783095554432023081,53.27045614,telescope_joint,0.494,0.0,0.0
1783095554432023081,53.27045614,hanger_joint,0.8674279055555554,0.0,0.0
1783095554432023081,53.27045614,bearingfork_joint,-0.14137154999999998,0.017453277777777776,0.0
1783095554432023081,53.27045614,grapplecarrier_joint,-0.15533417222222218,0.0,0.0
1783095554432023081,53.27045614,grappletong1_joint,0.0,0.0,0.0
1783095554432023081,53.27045614,grappletong2_joint,0.0,0.0,0.0
1783095554441809916,53.280242975,slew_joint,1.7453277777777776,0.0,0.0
1783095554441809916,53.280242975,boom_joint,0.6894044722222221,0.0,0.0
1783095554441809916,53.280242975,stick_joint,-1.1588976444444443,0.0,0.0
1783095554441809916,53.280242975,telescope_joint,0.494,0.0,0.0
1783095554441809916,53.280242975,hanger_joint,0.8674279055555554,0.0,0.0
1783095554441809916,53.280242975,bearingfork_joint,-0.14137154999999998,0.01396262222222222,0.0
1783095554441809916,53.280242975,grapplecarrier_joint,-0.15533417222222218,0.0,0.0
1783095554441809916,53.280242975,grappletong1_joint,0.0,0.0,0.0
1783095554441809916,53.280242975,grappletong2_joint,0.0,0.0,0.0
1783095554451943556,53.290376615,slew_joint,1.7453277777777776,0.0,0.0
1783095554451943556,53.290376615,boom_joint,0.6894044722222221,0.0,0.0
1783095554451943556,53.290376615,stick_joint,-1.1588976444444443,0.0,0.0
1783095554451943556,53.290376615,telescope_joint,0.494,0.0,0.0
1783095554451943556,53.290376615,hanger_joint,0.8674279055555554,0.0,0.0
1783095554451943556,53.290376615,bearingfork_joint,-0.14137154999999998,0.01396262222222222,0.0
1783095554451943556,53.290376615,grapplecarrier_joint,-0.15533417222222218,0.0,0.0
1783095554451943556,53.290376615,grappletong1_joint,0.0,0.0,0.0
1783095554451943556,53.290376615,grappletong2_joint,0.0,0.0,0.0
1783095554461750886,53.300183945,slew_joint,1.7453277777777776,0.0,0.0
1783095554461750886,53.300183945,boom_joint,0.6894044722222221,0.0,0.0
1783095554461750886,53.300183945,stick_joint,-1.1588976444444443,0.0,0.0
1783095554461750886,53.300183945,telescope_joint,0.494,0.0,0.0
1783095554461750886,53.300183945,hanger_joint,0.8674279055555554,0.0,0.0
1783095554461750886,53.300183945,bearingfork_joint,-0.14137154999999998,0.019198605555555553,0.0
1783095554461750886,53.300183945,grapplecarrier_joint,-0.15533417222222218,0.0,0.0
1783095554461750886,53.300183945,grappletong1_joint,0.0,0.0,0.0
1783095554461750886,53.300183945,grappletong2_joint,0.0,0.0,0.0
1783095554471688432,53.310121491,slew_joint,1.7453277777777776,0.0,0.0
1783095554471688432,53.310121491,boom_joint,0.6894044722222221,0.0,0.0
1783095554471688432,53.310121491,stick_joint,-1.1588976444444443,0.0,0.0
1783095554471688432,53.310121491,telescope_joint,0.494,0.0,0.0
1783095554471688432,53.310121491,hanger_joint,0.8674279055555554,0.0,0.0
1783095554471688432,53.310121491,bearingfork_joint,-0.14137154999999998,0.019198605555555553,0.0
1783095554471688432,53.310121491,grapplecarrier_joint,-0.15533417222222218,0.0,0.0
1783095554471688432,53.310121491,grappletong1_joint,0.0,0.0,0.0
1783095554471688432,53.310121491,grappletong2_joint,0.0,0.0,0.0
1783095554481405637,53.319838696,slew_joint,1.7453277777777776,0.0,0.0
1783095554481405637,53.319838696,boom_joint,0.6894044722222221,0.0,0.0
1783095554481405637,53.319838696,stick_joint,-1.1588976444444443,0.0,0.0
1783095554481405637,53.319838696,telescope_joint,0.494,0.0,0.0
1783095554481405637,53.319838696,hanger_joint,0.8674279055555554,0.0,0.0
1783095554481405637,53.319838696,bearingfork_joint,-0.14311687777777776,0.02094393333333333,0.0
1783095554481405637,53.319838696,grapplecarrier_joint,-0.15533417222222218,0.0,0.0
1783095554481405637,53.319838696,grappletong1_joint,0.0,0.0,0.0
1783095554481405637,53.319838696,grappletong2_joint,0.0,0.0,0.0
1783095554491508723,53.329941782,slew_joint,1.7453277777777776,0.0,0.0
1783095554491508723,53.329941782,boom_joint,0.6894044722222221,0.0,0.0
1783095554491508723,53.329941782,stick_joint,-1.1588976444444443,0.0,0.0
1783095554491508723,53.329941782,telescope_joint,0.494,0.0,0.0
1783095554491508723,53.329941782,hanger_joint,0.8674279055555554,0.0,0.0
1783095554491508723,53.329941782,bearingfork_joint,-0.14311687777777776,0.02094393333333333,0.0
1783095554491508723,53.329941782,grapplecarrier_joint,-0.15533417222222218,0.0,0.0
1783095554491508723,53.329941782,grappletong1_joint,0.0,0.0,0.0
1783095554491508723,53.329941782,grappletong2_joint,0.0,0.0,0.0
