t_ns,t_offset_s,T_base_grapple_00,T_base_grapple_01,T_base_grapple_02,T_base_grapple_03,T_base_grapple_10,T_base_grapple_11,T_base_grapple_12,T_base_grapple_13,T_base_grapple_20,T_base_grapple_21,T_base_grapple_22,T_base_grapple_23,T_base_grapple_30,T_base_grapple_31,T_base_grapple_32,T_base_grapple_33,z_axis_x,z_axis_y,z_axis_z
1783095553171595958,52.010029017,0.03865541275457742,-0.8842273235264398,0.46545440098256863,-4.783416146960239,0.996922893771293,0.0023370133146099637,-0.07835357198901996,-0.7847982294126541,0.06819459611614731,0.4670509380121571,0.881596800335913,1.7038889939257775,0.0,0.0,0.0,1.0,0.46545440098256863,-0.07835357198901996,0.881596800335913
1783095553181712372,52.020145431,0.03865541275457742,-0.8842273235264398,0.46545440098256863,-4.783416146960239,0.996922893771293,0.0023370133146099637,-0.07835357198901996,-0.7847982294126541,0.06819459611614731,0.4670509380121571,0.881596800335913,1.7038889939257775,0.0,0.0,0.0,1.0,0.46545440098256863,-0.07835357198901996,0.881596800335913
1783095553191684292,52.030117351,0.03865541275457742,-0.8842273235264398,0.46545440098256863,-4.783416146960239,0.996922893771293,0.0023370133146099637,-0.07835357198901996,-0.7847982294126541,0.06819459611614731,0.4670509380121571,0.881596800335913,1.7038889939257775,0.0,0.0,0.0,1.0,0.46545440098256863,-0.07835357198901996,0.881596800335913
1783095553201558482,52.039991541,0.03865541275457742,-0.8842273235264398,0.46545440098256863,-4.783416146960239,0.996922893771293,0.0023370133146099637,-0.07835357198901996,-0.7847982294126541,0.06819459611614731,0.4670509380121571,0.881596800335913,1.7038889939257775,0.0,0.0,0.0,1.0,0.46545440098256863,-0.07835357198901996,0.881596800335913
1783095553211893585,52.050326644,0.03865541275457742,-0.8842273235264398,0.46545440098256863,-4.783416146960239,0.996922893771293,0.0023370133146099637,-0.07835357198901996,-0.7847982294126541,0.06819459611614731,0.4670509380121571,0.881596800335913,1.7038889939257775,0.0,0.0,0.0,1.0,0.46545440098256863,-0.07835357198901996,0.881596800335913
1783095553222013652,52.060446711,0.03865541275457742,-0.8842273235264398,0.46545440098256863,-4.783500814412296,0.996922893771293,0.0023370133146099637,-0.07835357198901996,-0.7848128538927495,0.06819459611614731,0.4670509380121571,0.881596800335913,1.703837831956115,0.0,0.0,0.0,1.0,0.46545440098256863,-0.07835357198901996,0.881596800335913
1783095553231555685,52.069988744,0.03865541275457742,-0.8842273235264398,0.46545440098256863,-4.783500814412296,0.996922893771293,0.0023370133146099637,-0.07835357198901996,-0.7848128538927495,0.06819459611614731,0.4670509380121571,0.881596800335913,1.703837831956115,0.0,0.0,0.0,1.0,0.46545440098256863,-0.07835357198901996,0.881596800335913
1783095553241639297,52.080072356,0.03865541275457742,-0.8842273235264398,0.46545440098256863,-4.783500814412296,0.996922893771293,0.0023370133146099637,-0.07835357198901996,-0.7848128538927495,0.06819459611614731,0.4670509380121571,0.881596800335913,1.703837831956115,0.0,0.0,0.0,1.0,0.46545440098256863,-0.07835357198901996,0.881596800335913
1783095553251339175,52.089772234,0.03865541275457742,-0.8842273235264398,0.46545440098256863,-4.783500814412296,0.996922893771293,0.0023370133146099637,-0.07835357198901996,-0.7848128538927495,0.06819459611614731,0.4670509380121571,0.881596800335913,1.703837831956115,0.0,0.0,0.0,1.0,0.46545440098256863,-0.07835357198901996,0.881596800335913
1783095553261419665,52.099852724,0.03865541275457742,-0.8842273235264398,0.46545440098256863,-4.783585481864352,0.996922893771293,0.0023370133146099637,-0.07835357198901996,-0.7848274783728446,0.06819459611614731,0.4670509380121571,0.881596800335913,1.7037866699864523,0.0,0.0,0.0,1.0,0.46545440098256863,-0.07835357198901996,0.881596800335913
1783095553271603991,52.11003705,0.03865541275457742,-0.8842273235264398,0.46545440098256863,-4.783585481864352,0.996922893771293,0.0023370133146099637,-0.07835357198901996,-0.7848274783728446,0.06819459611614731,0.4670509380121571,0.881596800335913,1.7037866699864523,0.0,0.0,0.0,1.0,0.46545440098256863,-0.07835357198901996,0.881596800335913
1783095553281393230,52.119826289,0.03785297208160287,-0.8843529822745653,0.46528158704882316,-4.783540377427645,0.9970565172524452,0.002357938175384393,-0.07663381454674936,-0.7852763350652773,0.06667423722108792,0.4668128563671348,0.8818391594964144,1.7037234142455615,0.0,0.0,0.0,1.0,0.4652815870488232,-0.07663381454674938,0.8818391594964146
1783095553291785813,52.130218872,0.03785297208160287,-0.8843529822745653,0.46528158704882316,-4.783540377427645,0.9970565172524452,0.002357938175384393,-0.07663381454674936,-0.7852763350652773,0.06667423722108792,0.4668128563671348,0.8818391594964144,1.7037234142455615,0.0,0.0,0.0,1.0,0.4652815870488232,-0.07663381454674938,0.8818391594964146
1783095553301748604,52.140181663,0.03785297208160288,-0.8843529822745655,0.46528158704882305,-4.782402102482212,0.9970565172524452,0.002357938175384366,-0.07663381454674938,-0.7850797225668723,0.06667423722108795,0.4668128563671349,0.8818391594964147,1.711912480269491,0.0,0.0,0.0,1.0,0.46528158704882305,-0.07663381454674938,0.8818391594964147
1783095553311643371,52.15007643,0.03785297208160288,-0.8843529822745655,0.46528158704882305,-4.782402102482212,0.9970565172524452,0.002357938175384366,-0.07663381454674938,-0.7850797225668723,0.06667423722108795,0.4668128563671349,0.8818391594964147,1.711912480269491,0.0,0.0,0.0,1.0,0.46528158704882305,-0.07663381454674938,0.8818391594964147
1783095553321533273,52.159966332,0.03705083061611807,-0.8844785941680887,0.4651073557890666,-4.7823566281234156,0.9971871751300367,0.0023783986354331426,-0.07491382366498386,-0.7855286401870131,0.06515346273862238,0.4665747096429174,0.8820788324264418,1.711849925634754,0.0,0.0,0.0,1.0,0.4651073557890665,-0.07491382366498385,0.8820788324264416
1783095553331474557,52.169907616,0.03705083061611807,-0.8844785941680887,0.4651073557890666,-4.7823566281234156,0.9971871751300367,0.0023783986354331426,-0.07491382366498386,-0.7855286401870131,0.06515346273862238,0.4665747096429174,0.8820788324264418,1.711849925634754,0.0,0.0,0.0,1.0,0.4651073557890665,-0.07491382366498385,0.8820788324264416
1783095553341021751,52.17945481,0.03693846628811244,-0.8852797295408331,0.4635896355316752,-4.781808745394302,0.9971677666107248,0.0022400197421544575,-0.07517597717445253,-0.7854340052373148,0.06551331880511801,0.4650535267855351,0.8828551536257093,1.711475316306567,0.0,0.0,0.0,1.0,0.4635896355316752,-0.07517597717445253,0.8828551536257093
1783095553351077653,52.189510712,0.03693846628811244,-0.8852797295408331,0.4635896355316752,-4.781808745394302,0.9971677666107248,0.0022400197421544575,-0.07517597717445253,-0.7854340052373148,0.06551331880511801,0.4650535267855351,0.8828551536257093,1.711475316306567,0.0,0.0,0.0,1.0,0.4635896355316752,-0.07517597717445253,0.8828551536257093
1783095553361798665,52.200231724,0.036028880469962485,-0.8862029920288852,0.4618941184851061,-4.7811294946845555,0.9972768476835794,0.002122230607092677,-0.07371828274962051,-0.7857735750656046,0.0643491169044598,0.4632922976440494,0.8838661878911953,1.7110908778887106,0.0,0.0,0.0,1.0,0.4618941184851061,-0.07371828274962051,0.8838661878911953
1783095553371485024,52.209918083,0.036028880469962485,-0.8862029920288852,0.4618941184851061,-4.7811294946845555,0.9972768476835794,0.002122230607092677,-0.07371828274962051,-0.7857735750656046,0.0643491169044598,0.4632922976440494,0.8838661878911953,1.7110908778887106,0.0,0.0,0.0,1.0,0.4618941184851061,-0.07371828274962051,0.8838661878911953
1783095553381508611,52.21994167,0.034288251494229906,-0.8862053462533125,0.4620220774827919,-4.779835510505134,0.9973382109209917,0.0005755134612779518,-0.07291201424437047,-0.7941317997059049,0.0643491169044598,0.4632922976440494,0.8838661878911953,1.7110398659575559,0.0,0.0,0.0,1.0,0.4620220774827919,-0.07291201424437047,0.8838661878911953
1783095553391449243,52.229882302,0.034288251494229906,-0.8862053462533125,0.4620220774827919,-4.779835510505134,0.9973382109209917,0.0005755134612779518,-0.07291201424437047,-0.7941317997059049,0.0643491169044598,0.4632922976440494,0.8838661878911953,1.7110398659575559,0.0,0.0,0.0,1.0,0.4620220774827919,-0.07291201424437047,0.8838661878911953
1783095553401306768,52.239739827,0.03327447492731915,-0.8879171266403092,0.4587984149243854,-4.778520216465029,0.9974245334184088,0.00031798688655735203,-0.07172307173712836,-0.7943594024681591,0.06353825189112851,0.4600033424912882,0.8856409066001086,1.7103368061614652,0.0,0.0,0.0,1.0,0.4587984149243854,-0.07172307173712836,0.8856409066001086
1783095553411323804,52.249756863,0.03327447492731915,-0.8879171266403092,0.4587984149243854,-4.778520216465029,0.9974245334184088,0.00031798688655735203,-0.07172307173712836,-0.7943594024681591,0.06353825189112851,0.4600033424912882,0.8856409066001086,1.7103368061614652,0.0,0.0,0.0,1.0,0.4587984149243854,-0.07172307173712836,0.8856409066001086
1783095553421270752,52.259703811,0.032483520115788256,-0.8880409867520759,0.45861533638691887,-4.778557162601168,0.9975467235663417,0.00033712133666641714,-0.07000300458738257,-0.7948231275541149,0.06201092825417082,0.45976417019772653,0.8858733276148755,1.7102251323454554,0.0,0.0,0.0,1.0,0.45861533638691876,-0.07000300458738255,0.8858733276148753
1783095553431461498,52.269894557,0.032483520115788256,-0.8880409867520759,0.45861533638691887,-4.778557162601168,0.9975467235663417,0.00033712133666641714,-0.07000300458738257,-0.7948231275541149,0.06201092825417082,0.45976417019772653,0.8858733276148755,1.7102251323454554,0.0,0.0,0.0,1.0,0.45861533638691876,-0.07000300458738255,0.8858733276148753
1783095553441419546,52.279852605,0.03158858690132581,-0.8889535633623915,0.4569066899957628,-4.777873938260743,0.9976477453099695,0.00021813077662946988,-0.0685487322778364,-0.7951612831561469,0.060836974411221295,0.4579972866778481,0.8868694086167466,1.7098458561961158,0.0,0.0,0.0,1.0,0.45690668999576267,-0.06854873227783638,0.8868694086167463
1783095553451459453,52.289892512,0.03158858690132581,-0.8889535633623915,0.4569066899957628,-4.777873938260743,0.9976477453099695,0.00021813077662946988,-0.0685487322778364,-0.7951612831561469,0.060836974411221295,0.4579972866778481,0.8868694086167466,1.7098458561961158,0.0,0.0,0.0,1.0,0.45690668999576267,-0.06854873227783638,0.8868694086167463
1783095553461309732,52.299742791,0.030698624136938704,-0.8898626386512319,0.4551945505042497,-4.777274327101575,0.9977466123192028,9.927802476563088e-05,-0.06709461788718825,-0.7955141493662414,0.059659802896531354,0.4562285331679078,0.8878604808424612,1.709417295956952,0.0,0.0,0.0,1.0,0.4551945505042497,-0.06709461788718825,0.8878604808424612
1783095553471277224,52.309710283,0.030698624136938704,-0.8898626386512319,0.4551945505042497,-4.777274327101575,0.9977466123192028,9.927802476563088e-05,-0.06709461788718825,-0.7955141493662414,0.059659802896531354,0.4562285331679078,0.8878604808424612,1.709417295956952,0.0,0.0,0.0,1.0,0.4551945505042497,-0.06709461788718825,0.8878604808424612
1783095553481300085,52.319733144,0.030492262672150796,-0.8914261976022595,0.45213886820921484,-4.7760012378822125,0.9977105967912607,-0.0001736043234373691,-0.0676279151827481,-0.7952919616607996,0.06036378854544047,0.4531658681872634,0.8893800700164837,1.7087841893678106,0.0,0.0,0.0,1.0,0.45213886820921484,-0.0676279151827481,0.8893800700164837
1783095553496706591,52.33513965,0.030492262672150796,-0.8914261976022595,0.45213886820921484,-4.7760012378822125,0.9977105967912607,-0.0001736043234373691,-0.0676279151827481,-0.7952919616607996,0.06036378854544047,0.4531658681872634,0.8893800700164837,1.7087841893678106,0.0,0.0,0.0,1.0,0.45213886820921484,-0.0676279151827481,0.8893800700164837
1783095553502219667,52.340652726,0.02961134592929172,-0.8923256733770488,0.45041987170245085,-4.7753144974885116,0.9978080195866977,-0.0002912550926539171,-0.06617455114273962,-0.7956297380225013,0.059180437990334935,0.4513920776915203,0.8903610885234176,1.708410528900277,0.0,0.0,0.0,1.0,0.45041987170245074,-0.06617455114273961,0.8903610885234173
1783095553511964411,52.35039747,0.02961134592929172,-0.8923256733770488,0.45041987170245085,-4.7753144974885116,0.9978080195866977,-0.0002912550926539171,-0.06617455114273962,-0.7956297380225013,0.059180437990334935,0.4513920776915203,0.8903610885234176,1.708410528900277,0.0,0.0,0.0,1.0,0.45041987170245074,-0.06617455114273961,0.8903610885234173
1783095553521716683,52.360149742,0.0288348448204206,-0.8924472701013239,0.4502292991497522,-4.775349487686674,0.997920641920407,-0.00027361892098228045,-0.06445399570119052,-0.7960935905526177,0.05764498376567793,0.45115163218299553,0.8905836629005015,1.7083014250567032,0.0,0.0,0.0,1.0,0.4502292991497522,-0.06445399570119052,0.8905836629005015
1783095553531486509,52.369919568,0.0288348448204206,-0.8924472701013239,0.4502292991497522,-4.775349487686674,0.997920641920407,-0.00027361892098228045,-0.06445399570119052,-0.7960935905526177,0.05764498376567793,0.45115163218299553,0.8905836629005015,1.7083014250567032,0.0,0.0,0.0,1.0,0.4502292991497522,-0.06445399570119052,0.8905836629005015
1783095553541250725,52.379683784,0.028735433551087933,-0.8932216331906487,0.44869743576140614,-4.774711387180158,0.9979032920273342,-0.0004087657397432919,-0.06472134633626786,-0.7959822251547903,0.057993918816028715,0.44961644421751323,0.8913370622102279,1.7079875951911925,0.0,0.0,0.0,1.0,0.44869743576140614,-0.06472134633626786,0.8913370622102279
1783095553551172167,52.389605226,0.028735433551087933,-0.8932216331906487,0.44869743576140614,-4.774711387180158,0.9979032920273342,-0.0004087657397432919,-0.06472134633626786,-0.7959822251547903,0.057993918816028715,0.44961644421751323,0.8913370622102279,1.7079875951911925,0.0,0.0,0.0,1.0,0.44869743576140614,-0.06472134633626786,0.8913370622102279
1783095553561182474,52.399615533,0.02863542249579164,-0.8939933555931787,0.44716427935797387,-4.774072748065834,0.9978858374557634,-0.0005434516888882808,-0.06498892263664086,-0.7958707657556697,0.05834267720714362,0.44807988664468135,0.89208774635727,1.707674896331682,0.0,0.0,0.0,1.0,0.44716427935797387,-0.06498892263664086,0.89208774635727
1783095553571214302,52.409647361,0.02863542249579164,-0.8939933555931787,0.44716427935797387,-4.774072748065834,0.9978858374557634,-0.0005434516888882808,-0.06498892263664086,-0.7958707657556697,0.05834267720714362,0.44807988664468135,0.89208774635727,1.707674896331682,0.0,0.0,0.0,1.0,0.44716427935797387,-0.06498892263664086,0.89208774635727
1783095553581863731,52.42029679,0.02863542249579164,-0.8939933555931787,0.44716427935797387,-4.774157477700251,0.9978858374557634,-0.0005434516888882808,-0.06498892263664086,-0.795885553315542,0.05834267720714362,0.44807988664468135,0.89208774635727,1.7076238844005263,0.0,0.0,0.0,1.0,0.44716427935797387,-0.06498892263664086,0.89208774635727
1783095553592001059,52.430434118,0.02863542249579164,-0.8939933555931787,0.44716427935797387,-4.774157477700251,0.9978858374557634,-0.0005434516888882808,-0.06498892263664086,-0.795885553315542,0.05834267720714362,0.44807988664468135,0.89208774635727,1.7076238844005263,0.0,0.0,0.0,1.0,0.44716427935797387,-0.06498892263664086,0.89208774635727
1783095553601785023,52.440218082,0.02863542249579164,-0.8939933555931787,0.44716427935797387,-4.774157477700251,0.9978858374557634,-0.0005434516888882808,-0.06498892263664086,-0.795885553315542,0.05834267720714362,0.44807988664468135,0.89208774635727,1.7076238844005263,0.0,0.0,0.0,1.0,0.44716427935797387,-0.06498892263664086,0.89208774635727
1783095553611694804,52.450127863,0.02863542249579164,-0.8939933555931787,0.44716427935797387,-4.774157477700251,0.9978858374557634,-0.0005434516888882808,-0.06498892263664086,-0.795885553315542,0.05834267720714362,0.44807988664468135,0.89208774635727,1.7076238844005263,0.0,0.0,0.0,1.0,0.44716427935797387,-0.06498892263664086,0.89208774635727
1783095553621490352,52.459923411,0.02863542249579164,-0.8939933555931787,0.44716427935797387,-4.774157477700251,0.9978858374557634,-0.0005434516888882808,-0.06498892263664086,-0.795885553315542,0.05834267720714362,0.44807988664468135,0.89208774635727,1.7076238844005263,0.0,0.0,0.0,1.0,0.44716427935797387,-0.06498892263664086,0.89208774635727
1783095553632262050,52.470695109,0.02863542249579164,-0.8939933555931787,0.44716427935797387,-4.774157477700251,0.9978858374557634,-0.0005434516888882808,-0.06498892263664086,-0.795885553315542,0.05834267720714362,0.44807988664468135,0.89208774635727,1.7076238844005263,0.0,0.0,0.0,1.0,0.44716427935797387,-0.06498892263664086,0.89208774635727
1783095553641952135,52.480385194,0.02863542249579164,-0.8939933555931787,0.44716427935797387,-4.774157477700251,0.9978858374557634,-0.0005434516888882808,-0.06498892263664086,-0.795885553315542,0.05834267720714362,0.44807988664468135,0.89208774635727,1.7076238844005263,0.0,0.0,0.0,1.0,0.44716427935797387,-0.06498892263664086,0.89208774635727
1783095553651671956,52.490105015,0.02863542249579164,-0.8939933555931787,0.44716427935797387,-4.774157477700251,0.9978858374557634,-0.0005434516888882808,-0.06498892263664086,-0.795885553315542,0.05834267720714362,0.44807988664468135,0.89208774635727,1.7076238844005263,0.0,0.0,0.0,1.0,0.44716427935797387,-0.06498892263664086,0.89208774635727
1783095553661393063,52.499826122,0.02863542249579164,-0.8939933555931787,0.44716427935797387,-4.774242207334668,0.9978858374557634,-0.0005434516888882808,-0.06498892263664086,-0.7959003408754143,0.05834267720714362,0.44807988664468135,0.89208774635727,1.7075728724693715,0.0,0.0,0.0,1.0,0.44716427935797387,-0.06498892263664086,0.89208774635727
1783095553671388309,52.509821368,0.02863542249579164,-0.8939933555931787,0.44716427935797387,-4.774242207334668,0.9978858374557634,-0.0005434516888882808,-0.06498892263664086,-0.7959003408754143,0.05834267720714362,0.44807988664468135,0.89208774635727,1.7075728724693715,0.0,0.0,0.0,1.0,0.44716427935797387,-0.06498892263664086,0.89208774635727
1783095553681575772,52.520008831,0.02863542249579164,-0.8939933555931787,0.44716427935797387,-4.774242207334668,0.9978858374557634,-0.0005434516888882808,-0.06498892263664086,-0.7959003408754143,0.05834267720714362,0.44807988664468135,0.89208774635727,1.7075728724693715,0.0,0.0,0.0,1.0,0.44716427935797387,-0.06498892263664086,0.89208774635727
1783095553691734743,52.530167802,0.02863542249579164,-0.8939933555931787,0.44716427935797387,-4.774242207334668,0.9978858374557634,-0.0005434516888882808,-0.06498892263664086,-0.7959003408754143,0.05834267720714362,0.44807988664468135,0.89208774635727,1.7075728724693715,0.0,0.0,0.0,1.0,0.44716427935797387,-0.06498892263664086,0.89208774635727
1783095553701763079,52.540196138,0.02853481195918217,-0.8947624349581171,0.4456298346097075,-4.773603031557937,0.9978682782588648,-0.0006776763581410418,-0.06525672378722713,-0.7957887878145246,0.058691257876645926,0.4465419641451123,0.8928357130549173,1.707261305568395,0.0,0.0,0.0,1.0,0.4456298346097075,-0.06525672378722713,0.8928357130549173
1783095553711906622,52.550339681,0.02853481195918217,-0.8947624349581171,0.4456298346097075,-4.773603031557937,0.9978682782588648,-0.0006776763581410418,-0.06525672378722713,-0.7957887878145246,0.058691257876645926,0.4465419641451123,0.8928357130549173,1.707261305568395,0.0,0.0,0.0,1.0,0.4456298346097075,-0.06525672378722713,0.8928357130549173
1783095553721433008,52.559866067,0.02766801123487055,-0.8956487571930197,0.4439006475472932,-4.772912828359887,0.9979621164193089,-0.0007939786174752069,-0.06380426153360493,-0.7961261886531639,0.05749865516862757,0.44476136673114297,0.8938015614873612,1.7068932945932926,0.0,0.0,0.0,1.0,0.4439006475472932,-0.06380426153360493,0.8938015614873612
1783095553731553593,52.569986652,0.02766801123487055,-0.8956487571930197,0.4439006475472932,-4.772912828359887,0.9979621164193089,-0.0007939786174752069,-0.06380426153360493,-0.7961261886531639,0.05749865516862757,0.44476136673114297,0.8938015614873612,1.7068932945932926,0.0,0.0,0.0,1.0,0.4439006475472932,-0.06380426153360493,0.8938015614873612
1783095553741394655,52.579827714,0.027469098941994584,-0.8971728491979157,0.4408245992063157,-4.771631612872737,0.997927400968682,-0.0010599729408104974,-0.06434111324227905,-0.7959025826992868,0.058192362034943566,0.4416783389747099,0.8952842531181566,1.7062757335963676,0.0,0.0,0.0,1.0,0.4408245992063157,-0.06434111324227905,0.8952842531181566
1783095553751177049,52.589610108,0.027469098941994584,-0.8971728491979157,0.4408245992063157,-4.771631612872737,0.997927400968682,-0.0010599729408104974,-0.06434111324227905,-0.7959025826992868,0.058192362034943566,0.4416783389747099,0.8952842531181566,1.7062757335963676,0.0,0.0,0.0,1.0,0.4408245992063157,-0.06434111324227905,0.8952842531181566
1783095553761893385,52.600326444,0.027368748561186783,-0.8979309173044148,0.4392846677850782,-4.769754086043295,0.9979098871758444,-0.0011922758545338794,-0.0646098719622638,-0.7955749046608631,0.058538950100663435,0.44013480460779136,0.8960215092808729,1.7142077572527479,0.0,0.0,0.0,1.0,0.4392846677850782,-0.0646098719622638,0.8960215092808729
1783095553771450468,52.609883527,0.027368748561186783,-0.8979309173044148,0.4392846677850782,-4.769754086043295,0.9979098871758444,-0.0011922758545338794,-0.0646098719622638,-0.7955749046608631,0.058538950100663435,0.44013480460779136,0.8960215092808729,1.7142077572527479,0.0,0.0,0.0,1.0,0.4392846677850782,-0.0646098719622638,0.8960215092808729
1783095553781784843,52.620217902,0.02726780243110614,-0.8986863303986505,0.43774347111657264,-4.769112156911645,0.9978922694090181,-0.0013241153984684456,-0.06487885150132627,-0.7954628710667929,0.05888535984689037,0.4385899295161929,0.8967560360112906,1.7139018169948526,0.0,0.0,0.0,1.0,0.43774347111657264,-0.06487885150132627,0.8967560360112906
1783095553791551958,52.629985017,0.02726780243110614,-0.8986863303986505,0.43774347111657264,-4.769112156911645,0.9978922694090181,-0.0013241153984684456,-0.06487885150132627,-0.7954628710667929,0.05888535984689037,0.4385899295161929,0.8967560360112906,1.7139018169948526,0.0,0.0,0.0,1.0,0.43774347111657264,-0.06487885150132627,0.8967560360112906
1783095553801321001,52.63975406,0.02716626085925148,-0.8994390861795073,0.4362010138955431,-4.768554519955054,0.9978745477218699,-0.001455491171008768,-0.06514805104010961,-0.7953655486843786,0.05923159021840215,0.4370437184058636,0.8974878310719179,1.7135461527768916,0.0,0.0,0.0,1.0,0.43620101389554317,-0.06514805104010962,0.897487831071918
1783095553813099400,52.651532459,0.02716626085925148,-0.8994390861795073,0.4362010138955431,-4.768554519955054,0.9978745477218699,-0.001455491171008768,-0.06514805104010961,-0.7953655486843786,0.05923159021840215,0.4370437184058636,0.8974878310719179,1.7135461527768916,0.0,0.0,0.0,1.0,0.43620101389554317,-0.06514805104010962,0.897487831071918
1783095553821592788,52.660025847,0.027064124154935566,-0.9001891823539643,0.4346573008205743,-4.767911542706284,0.997856722168383,-0.0015864027719621294,-0.06541746975858663,-0.7952533321661781,0.059577640160522645,0.4354961759868233,0.8982168922335836,1.7132424890018583,0.0,0.0,0.0,1.0,0.4346573008205743,-0.06541746975858663,0.8982168922335836
1783095553831275944,52.669709003,0.027064124154935566,-0.9001891823539643,0.4346573008205743,-4.767911542706284,0.997856722168383,-0.0015864027719621294,-0.06541746975858663,-0.7952533321661781,0.059577640160522645,0.4354961759868233,0.8982168922335836,1.7132424890018583,0.0,0.0,0.0,1.0,0.4346573008205743,-0.06541746975858663,0.8982168922335836
1783095553841832730,52.680265789,0.026858066595234216,-0.9016813867521113,0.43156612592226834,-4.76662402680465,0.9978207596799079,-0.0018468318654079059,-0.06595696145117777,-0.7950286266235085,0.060269194540637436,0.43239711608294773,0.8996668039849935,1.7126385812653768,0.0,0.0,0.0,1.0,0.43156612592226834,-0.06595696145117777,0.8996668039849935
1783095553851503502,52.689936561,0.026858066595234216,-0.9016813867521113,0.43156612592226834,-4.76662402680465,0.9978207596799079,-0.0018468318654079059,-0.06595696145117777,-0.7950286266235085,0.060269194540637436,0.43239711608294773,0.8996668039849935,1.7126385812653768,0.0,0.0,0.0,1.0,0.43156612592226834,-0.06595696145117777,0.8996668039849935
1783095553861355127,52.699788186,0.026649632262744177,-0.9031629254110827,0.4284699840865816,-4.765334442106824,0.9977843823817839,-0.002105399505564924,-0.06649732000557475,-0.7948035600212432,0.06096001456087713,0.42929278756556927,0.901105753598833,1.7120392394065636,0.0,0.0,0.0,1.0,0.4284699840865816,-0.06649732000557475,0.901105753598833
1783095553872075852,52.710508911,0.026649632262744177,-0.9031629254110827,0.4284699840865816,-4.765334442106824,0.9977843823817839,-0.002105399505564924,-0.06649732000557475,-0.7948035600212432,0.06096001456087713,0.42929278756556927,0.901105753598833,1.7120392394065636,0.0,0.0,0.0,1.0,0.4284699840865816,-0.06649732000557475,0.901105753598833
1783095553881599290,52.720032349,0.02654452459922993,-0.903899689442029,0.42692006235407143,-4.764688878868721,0.9977660383174203,-0.0022339842952231693,-0.06676782229883352,-0.794690892179579,0.061305146555250906,0.4277386593946963,0.9018211121198412,1.711741282965577,0.0,0.0,0.0,1.0,0.42692006235407143,-0.06676782229883352,0.9018211121198412
1783095553891808157,52.730241216,0.02654452459922993,-0.903899689442029,0.42692006235407143,-4.764688878868721,0.9977660383174203,-0.0022339842952231693,-0.06676782229883352,-0.794690892179579,0.061305146555250906,0.4277386593946963,0.9018211121198412,1.711741282965577,0.0,0.0,0.0,1.0,0.42692006235407143,-0.06676782229883352,0.9018211121198412
1783095553901577830,52.740010889,0.026438823697167664,-0.9046337802788276,0.4253689130389618,-4.764042804325962,0.9977475907172559,-0.0023621025418733947,-0.06703853883769019,-0.7945781351017429,0.06165009180383194,0.4261832282598876,0.9025337235419847,1.7114444707281982,0.0,0.0,0.0,1.0,0.42536891303896185,-0.0670385388376902,0.9025337235419848
1783095553911357331,52.74979039,0.026438823697167664,-0.9046337802788276,0.4253689130389618,-4.764042804325962,0.9977475907172559,-0.0023621025418733947,-0.06703853883769019,-0.7945781351017429,0.06165009180383194,0.4261832282598876,0.9025337235419847,1.7114444707281982,0.0,0.0,0.0,1.0,0.42536891303896185,-0.0670385388376902,0.9025337235419848
1783095553921846953,52.760280012,0.02622564346713626,-0.9060939334334742,0.4222629505649168,-4.762749129200236,0.9977103851346183,-0.002616937846493085,-0.06758061135295464,-0.7943523546117346,0.06233941786114276,0.4230684760548372,0.903950696415115,1.7108542824773365,0.0,0.0,0.0,1.0,0.4222629505649168,-0.06758061135295464,0.903950696415115
1783095553931516003,52.769949062,0.02622564346713626,-0.9060939334334742,0.4222629505649168,-4.762749129200236,0.9977103851346183,-0.002616937846493085,-0.06758061135295464,-0.7943523546117346,0.06233941786114276,0.4230684760548372,0.903950696415115,1.7108542824773365,0.0,0.0,0.0,1.0,0.4222629505649168,-0.06758061135295464,0.903950696415115
1783095553946441980,52.784875039,0.0261181647885499,-0.90681999130345,0.42070814686726565,-4.762101532558021,0.9976916272654793,-0.0027436541281913324,-0.06785196567811833,-0.7942393318873275,0.06268379657006934,0.4215091644726548,0.904655053549764,1.7105609082616668,0.0,0.0,0.0,1.0,0.4207081468672657,-0.06785196567811834,0.9046550535497642
1783095553951606645,52.790039704,0.0261181647885499,-0.90681999130345,0.42070814686726565,-4.762101532558021,0.9976916272654793,-0.0027436541281913324,-0.06785196567811833,-0.7942393318873275,0.06268379657006934,0.4215091644726548,0.904655053549764,1.7105609082616668,0.0,0.0,0.0,1.0,0.4207081468672657,-0.06785196567811834,0.9046550535497642
1783095553961530858,52.799963917,0.026010094170179323,-0.9075433670835471,0.4191521345095553,-4.761453432492642,0.9976727660872082,-0.0028699023143414827,-0.06812353094639671,-0.7941262213022774,0.06302798433360325,0.4199485689026266,0.9053566549528859,1.7102686818452246,0.0,0.0,0.0,1.0,0.41915213450955535,-0.06812353094639673,0.905356654952886
1783095553971455604,52.809888663,0.026010094170179323,-0.9075433670835471,0.4191521345095553,-4.761453432492642,0.9976727660872082,-0.0028699023143414827,-0.06812353094639671,-0.7941262213022774,0.06302798433360325,0.4199485689026266,0.9053566549528859,1.7102686818452246,0.0,0.0,0.0,1.0,0.41915213450955535,-0.06812353094639673,0.905356654952886
1783095553981783862,52.820216921,0.024160160482542516,-0.9082574467632701,0.41771365436686825,-4.759411767590253,0.9976974886122776,-0.004580895143867175,-0.06766636251812978,-0.8023209745500612,0.06337198010329059,0.4183866940985893,0.9060554984872845,1.7099776041181816,0.0,0.0,0.0,1.0,0.41771365436686825,-0.06766636251812978,0.9060554984872845
1783095553991799753,52.830232812,0.024160160482542516,-0.9082574467632701,0.41771365436686825,-4.759411767590253,0.9976974886122776,-0.004580895143867175,-0.06766636251812978,-0.8023209745500612,0.06337198010329059,0.4183866940985893,0.9060554984872845,1.7099776041181816,0.0,0.0,0.0,1.0,0.41771365436686825,-0.06766636251812978,0.9060554984872845
1783095554001470299,52.839903358,0.024050940419648354,-0.9089752319592478,0.4161557159880929,-4.7587628653112075,0.9976782303343749,-0.00470745894920079,-0.06794106672044277,-0.8022065565567871,0.06371578283126242,0.4168235448182759,0.9067515820241651,1.709687675967209,0.0,0.0,0.0,1.0,0.4161557159880929,-0.06794106672044277,0.9067515820241651
1783095554011695561,52.85012862,0.024050940419648354,-0.9089752319592478,0.4161557159880929,-4.7587628653112075,0.9976782303343749,-0.00470745894920079,-0.06794106672044277,-0.8022065565567871,0.06371578283126242,0.4168235448182759,0.9067515820241651,1.709687675967209,0.0,0.0,0.0,1.0,0.4161557159880929,-0.06794106672044277,0.9067515820241651
1783095554021737725,52.860170784,0.023941129590885034,-0.9096903293023917,0.4145965835455216,-4.758113465688539,0.9976588678894079,-0.004833548817645366,-0.06821598146660465,-0.8020920508691696,0.06405939147023768,0.41525912582330277,0.9074449034431398,1.7093988982754769,0.0,0.0,0.0,1.0,0.4145965835455216,-0.06821598146660465,0.9074449034431398
1783095554031796806,52.870229865,0.023941129590885034,-0.9096903293023917,0.4145965835455216,-4.758113465688539,0.9976588678894079,-0.004833548817645366,-0.06821598146660465,-0.8020920508691696,0.06405939147023768,0.41525912582330277,0.9074449034431398,1.7093988982754769,0.0,0.0,0.0,1.0,0.4145965835455216,-0.06821598146660465,0.9074449034431398
1783095554041680430,52.880113489,0.023830728330754773,-0.9104027366143951,0.4130362617885337,-4.757463570700428,0.9976394013363584,-0.004959164365109858,-0.06849110591917888,-0.801977457836012,0.06440280497352674,0.4136934418791531,0.9081354606322349,1.7091112719226509,0.0,0.0,0.0,1.0,0.41303626178853375,-0.0684911059191789,0.908135460632235
1783095554051432667,52.889865726,0.023830728330754773,-0.9104027366143951,0.4130362617885337,-4.757463570700428,0.9976394013363584,-0.004959164365109858,-0.06849110591917888,-0.801977457836012,0.06440280497352674,0.4136934418791531,0.9081354606322349,1.7091112719226509,0.0,0.0,0.0,1.0,0.41303626178853375,-0.0684911059191789,0.908135460632235
1783095554061260224,52.899693283,0.02371973697555842,-0.9111124517251454,0.41147475547013196,-4.756813182326561,0.9976198307345243,-0.0050843052089482735,-0.06876643924009013,-0.801862777806384,0.06474602229503426,0.4121264977551635,0.9088232514878976,1.7088247977848892,0.0,0.0,0.0,1.0,0.41147475547013196,-0.06876643924009013,0.9088232514878976
1783095554071308992,52.909742051,0.02371973697555842,-0.9111124517251454,0.41147475547013196,-4.756813182326561,0.9976198307345243,-0.0050843052089482735,-0.06876643924009013,-0.801862777806384,0.06474602229503426,0.4121264977551635,0.9088232514878976,1.7088247977848892,0.0,0.0,0.0,1.0,0.41147475547013196,-0.06876643924009013,0.9088232514878976
1783095554081370959,52.919804018,0.02360815586339433,-0.911819472472731,0.40991206934692753,-4.756162302548135,0.9976001561435214,-0.005208970967960408,-0.06904198059062665,-0.8017480111296206,0.06508904238926243,0.4105582982245099,0.9095082739150002,1.7085394767348399,0.0,0.0,0.0,1.0,0.4099120693469276,-0.06904198059062666,0.9095082739150003
1783095554091548757,52.929981816,0.02360815586339433,-0.911819472472731,0.40991206934692753,-4.756162302548135,0.9976001561435214,-0.005208970967960408,-0.06904198059062665,-0.8017480111296206,0.06508904238926243,0.4105582982245099,0.9095082739150002,1.7085394767348399,0.0,0.0,0.0,1.0,0.4099120693469276,-0.06904198059062666,0.9095082739150003
1783095554101185273,52.939618332,0.02349598533415731,-0.9125237967034474,0.40834820817912537,-4.755510933347837,0.9975803776232814,-0.005333161262393526,-0.06931772913144318,-0.8016331581553201,0.06543186421131442,0.4089888480641917,0.91019052582685,1.7082553096416393,0.0,0.0,0.0,1.0,0.40834820817912537,-0.06931772913144318,0.91019052582685
1783095554111349213,52.949782272,0.02349598533415731,-0.9125237967034474,0.40834820817912537,-4.755510933347837,0.9975803776232814,-0.005333161262393526,-0.06931772913144318,-0.8016331581553201,0.06543186421131442,0.4089888480641917,0.91019052582685,1.7082553096416393,0.0,0.0,0.0,1.0,0.40834820817912537,-0.06931772913144318,0.91019052582685
1783095554121417471,52.95985053,0.02349598533415731,-0.9125237967034474,0.40834820817912537,-4.755510933347837,0.9975803776232814,-0.005333161262393526,-0.06931772913144318,-0.8016331581553201,0.06543186421131442,0.4089888480641917,0.91019052582685,1.7082553096416393,0.0,0.0,0.0,1.0,0.40834820817912537,-0.06931772913144318,0.91019052582685
1783095554131419947,52.969853006,0.02349598533415731,-0.9125237967034474,0.40834820817912537,-4.755510933347837,0.9975803776232814,-0.005333161262393526,-0.06931772913144318,-0.8016331581553201,0.06543186421131442,0.4089888480641917,0.91019052582685,1.7082553096416393,0.0,0.0,0.0,1.0,0.40834820817912537,-0.06931772913144318,0.91019052582685
1783095554141502751,52.97993581,0.023383225729537698,-0.913225422271805,0.4067831767305093,-4.754859076709847,0.9975604952340534,-0.005456875713942983,-0.06959368402256334,-0.8015182192333441,0.06577448671689728,0.4074181520550181,0.9108700051451925,1.7079722973709082,0.0,0.0,0.0,1.0,0.4067831767305093,-0.06959368402256334,0.9108700051451925
1783095554151817364,52.990250423,0.023383225729537698,-0.913225422271805,0.4067831767305093,-4.754859076709847,0.9975604952340534,-0.005456875713942983,-0.06959368402256334,-0.8015182192333441,0.06577448671689728,0.4074181520550181,0.9108700051451925,1.7079722973709082,0.0,0.0,0.0,1.0,0.4067831767305093,-0.06959368402256334,0.9108700051451925
1783095554161653525,53.000086584,0.023383225729537698,-0.913225422271805,0.4067831767305093,-4.754859076709847,0.9975604952340534,-0.005456875713942983,-0.06959368402256334,-0.8015182192333441,0.06577448671689728,0.4074181520550181,0.9108700051451925,1.7079722973709082,0.0,0.0,0.0,1.0,0.4067831767305093,-0.06959368402256334,0.9108700051451925
1783095554171834350,53.010267409,0.023383225729537698,-0.913225422271805,0.4067831767305093,-4.754859076709847,0.9975604952340534,-0.005456875713942983,-0.06959368402256334,-0.8015182192333441,0.06577448671689728,0.4074181520550181,0.9108700051451925,1.7079722973709082,0.0,0.0,0.0,1.0,0.4067831767305093,-0.06959368402256334,0.9108700051451925
1783095554181515997,53.019949056,0.023269877393020225,-0.9139243470405339,0.405216979768429,-4.75420673461983,0.9975405090364022,-0.005580113945753798,-0.06986984442338194,-0.8014031947138159,0.06611690886232509,0.4058462149815937,0.9115467098002191,1.7076904407847495,0.0,0.0,0.0,1.0,0.405216979768429,-0.06986984442338194,0.9115467098002191
1783095554191285900,53.029718959,0.023269877393020225,-0.9139243470405339,0.405216979768429,-4.75420673461983,0.9975405090364022,-0.005580113945753798,-0.06986984442338194,-0.8014031947138159,0.06611690886232509,0.4058462149815937,0.9115467098002191,1.7076904407847495,0.0,0.0,0.0,1.0,0.405216979768429,-0.06986984442338194,0.9115467098002191
1783095554201381769,53.039814828,0.023269877393020225,-0.9139243470405339,0.405216979768429,-4.75420673461983,0.9975405090364022,-0.005580113945753798,-0.06986984442338194,-0.8014031947138159,0.06611690886232509,0.4058462149815937,0.9115467098002191,1.7076904407847495,0.0,0.0,0.0,1.0,0.405216979768429,-0.06986984442338194,0.9115467098002191
1783095554211424602,53.049857661,0.023269877393020225,-0.9139243470405339,0.405216979768429,-4.75420673461983,0.9975405090364022,-0.005580113945753798,-0.06986984442338194,-0.8014031947138159,0.06611690886232509,0.4058462149815937,0.9115467098002191,1.7076904407847495,0.0,0.0,0.0,1.0,0.405216979768429,-0.06986984442338194,0.9115467098002191
1783095554221264502,53.059697561,0.02315594066988297,-0.914620568880592,0.4036496220637835,-4.753553909064931,0.9975204190912094,-0.00570287558242158,-0.07014620949266807,-0.8012880849471196,0.06645912960452253,0.404273041632303,0.9122206377305743,1.7074097407417455,0.0,0.0,0.0,1.0,0.4036496220637835,-0.07014620949266807,0.9122206377305743
1783095554231669605,53.070102664,0.02315594066988297,-0.914620568880592,0.4036496220637835,-4.753553909064931,0.9975204190912094,-0.00570287558242158,-0.07014620949266807,-0.8012880849471196,0.06645912960452253,0.404273041632303,0.9122206377305743,1.7074097407417455,0.0,0.0,0.0,1.0,0.4036496220637835,-0.07014620949266807,0.9122206377305743
1783095554241315442,53.079748501,0.02315594066988297,-0.914620568880592,0.4036496220637835,-4.753553909064931,0.9975204190912094,-0.00570287558242158,-0.07014620949266807,-0.8012880849471196,0.06645912960452253,0.404273041632303,0.9122206377305743,1.7074097407417455,0.0,0.0,0.0,1.0,0.4036496220637835,-0.07014620949266807,0.9122206377305743
1783095554251123775,53.089556834,0.02315594066988297,-0.914620568880592,0.4036496220637835,-4.753553909064931,0.9975204190912094,-0.00570287558242158,-0.07014620949266807,-0.8012880849471196,0.06645912960452253,0.404273041632303,0.9122206377305743,1.7074097407417455,0.0,0.0,0.0,1.0,0.4036496220637835,-0.07014620949266807,0.9122206377305743
1783095554261315302,53.099748361,0.02315594066988297,-0.914620568880592,0.4036496220637835,-4.753553909064931,0.9975204190912094,-0.00570287558242158,-0.07014620949266807,-0.8012880849471196,0.06645912960452253,0.404273041632303,0.9122206377305743,1.7074097407417455,0.0,0.0,0.0,1.0,0.4036496220637835,-0.07014620949266807,0.9122206377305743
1783095554271203405,53.109636464,0.02315594066988297,-0.914620568880592,0.4036496220637835,-4.753553909064931,0.9975204190912094,-0.00570287558242158,-0.07014620949266807,-0.8012880849471196,0.06645912960452253,0.404273041632303,0.9122206377305743,1.7074097407417455,0.0,0.0,0.0,1.0,0.4036496220637835,-0.07014620949266807,0.9122206377305743
1783095554281530636,53.119963695,0.02315594066988297,-0.914620568880592,0.4036496220637835,-4.753553909064931,0.9975204190912094,-0.00570287558242158,-0.07014620949266807,-0.8012880849471196,0.06645912960452253,0.404273041632303,0.9122206377305743,1.7074097407417455,0.0,0.0,0.0,1.0,0.4036496220637835,-0.07014620949266807,0.9122206377305743
1783095554291570594,53.130003653,0.02315594066988297,-0.914620568880592,0.4036496220637835,-4.753553909064931,0.9975204190912094,-0.00570287558242158,-0.07014620949266807,-0.8012880849471196,0.06645912960452253,0.404273041632303,0.9122206377305743,1.7074097407417455,0.0,0.0,0.0,1.0,0.4036496220637835,-0.07014620949266807,0.9122206377305743
1783095554301355781,53.13978884,0.023041415907196383,-0.9153140856711699,0.40208110839100847,-4.750814893977242,0.997500225459672,-0.005825160249993711,-0.07042277838856717,-0.8008051268500356,0.06680114790102748,0.4026986367992971,0.9128917868833594,1.7030073557552714,0.0,0.0,0.0,1.0,0.40208110839100847,-0.07042277838856717,0.9128917868833594
1783095554312056802,53.150489861,0.023041415907196383,-0.9153140856711699,0.40208110839100847,-4.750814893977242,0.997500225459672,-0.005825160249993711,-0.07042277838856717,-0.8008051268500356,0.06680114790102748,0.4026986367992971,0.9128917868833594,1.7030073557552714,0.0,0.0,0.0,1.0,0.40208110839100847,-0.07042277838856717,0.9128917868833594
1783095554321893970,53.160327029,0.023041415907196383,-0.9153140856711699,0.40208110839100847,-4.750814893977242,0.997500225459672,-0.005825160249993711,-0.07042277838856717,-0.8008051268500356,0.06680114790102748,0.4026986367992971,0.9128917868833594,1.7030073557552714,0.0,0.0,0.0,1.0,0.40208110839100847,-0.07042277838856717,0.9128917868833594
1783095554331508089,53.169941148,0.023041415907196383,-0.9153140856711699,0.40208110839100847,-4.750814893977242,0.997500225459672,-0.005825160249993711,-0.07042277838856717,-0.8008051268500356,0.06680114790102748,0.4026986367992971,0.9128917868833594,1.7030073557552714,0.0,0.0,0.0,1.0,0.40208110839100847,-0.07042277838856717,0.9128917868833594
1783095554341588428,53.180021487,0.023041415907196383,-0.9153140856711699,0.40208110839100847,-4.750814893977242,0.997500225459672,-0.005825160249993711,-0.07042277838856717,-0.8008051268500356,0.06680114790102748,0.4026986367992971,0.9128917868833594,1.7030073557552714,0.0,0.0,0.0,1.0,0.40208110839100847,-0.07042277838856717,0.9128917868833594
1783095554351271740,53.189704799,0.023041415907196383,-0.9153140856711699,0.40208110839100847,-4.750814893977242,0.997500225459672,-0.005825160249993711,-0.07042277838856717,-0.8008051268500356,0.06680114790102748,0.4026986367992971,0.9128917868833594,1.7030073557552714,0.0,0.0,0.0,1.0,0.40208110839100847,-0.07042277838856717,0.9128917868833594
1783095554361516048,53.199949107,0.023041415907196383,-0.9153140856711699,0.40208110839100847,-4.750814893977242,0.997500225459672,-0.005825160249993711,-0.07042277838856717,-0.8008051268500356,0.06680114790102748,0.4026986367992971,0.9128917868833594,1.7030073557552714,0.0,0.0,0.0,1.0,0.40208110839100847,-0.07042277838856717,0.9128917868833594
1783095554371840520,53.210273579,0.023041415907196383,-0.9153140856711699,0.40208110839100847,-4.750814893977242,0.997500225459672,-0.005825160249993711,-0.07042277838856717,-0.8008051268500356,0.06680114790102748,0.4026986367992971,0.9128917868833594,1.7030073557552714,0.0,0.0,0.0,1.0,0.40208110839100847,-0.07042277838856717,0.9128917868833594
1783095554381122869,53.219555928,0.02373490840294752,-0.9152054877376585,0.40228791845887973,-4.750868871404956,0.9973773129940373,-0.005844407811939201,-0.07214110078257659,-0.8003566447051991,0.0683750659809394,0.40294510558164415,0.9126664737130974,1.7030661624927097,0.0,0.0,0.0,1.0,0.40228791845887973,-0.07214110078257659,0.9126664737130974
1783095554391490104,53.229923163,0.02373490840294752,-0.9152054877376585,0.40228791845887973,-4.750868871404956,0.9973773129940373,-0.005844407811939201,-0.07214110078257659,-0.8003566447051991,0.0683750659809394,0.40294510558164415,0.9126664737130974,1.7030661624927097,0.0,0.0,0.0,1.0,0.40228791845887973,-0.07214110078257659,0.9126664737130974
1783095554401959942,53.240393001,0.02373490840294752,-0.9152054877376585,0.40228791845887973,-4.750953575101197,0.9973773129940373,-0.005844407811939201,-0.07214110078257659,-0.8003715801234581,0.0683750659809394,0.40294510558164415,0.9126664737130974,1.703015150561555,0.0,0.0,0.0,1.0,0.40228791845887973,-0.07214110078257659,0.9126664737130974
1783095554411693668,53.250126727,0.02373490840294752,-0.9152054877376585,0.40228791845887973,-4.750953575101197,0.9973773129940373,-0.005844407811939201,-0.07214110078257659,-0.8003715801234581,0.0683750659809394,0.40294510558164415,0.9126664737130974,1.703015150561555,0.0,0.0,0.0,1.0,0.40228791845887973,-0.07214110078257659,0.9126664737130974
1783095554421732937,53.260165996,0.02373490840294752,-0.9152054877376585,0.40228791845887973,-4.750953575101197,0.9973773129940373,-0.005844407811939201,-0.07214110078257659,-0.8003715801234581,0.0683750659809394,0.40294510558164415,0.9126664737130974,1.703015150561555,0.0,0.0,0.0,1.0,0.40228791845887973,-0.07214110078257659,0.9126664737130974
1783095554432023081,53.27045614,0.02373490840294752,-0.9152054877376585,0.40228791845887973,-4.750953575101197,0.9973773129940373,-0.005844407811939201,-0.07214110078257659,-0.8003715801234581,0.0683750659809394,0.40294510558164415,0.9126664737130974,1.703015150561555,0.0,0.0,0.0,1.0,0.40228791845887973,-0.07214110078257659,0.9126664737130974
1783095554441809916,53.280242975,0.02373490840294752,-0.9152054877376585,0.40228791845887973,-4.750953575101197,0.9973773129940373,-0.005844407811939201,-0.07214110078257659,-0.8003715801234581,0.0683750659809394,0.40294510558164415,0.9126664737130974,1.703015150561555,0.0,0.0,0.0,1.0,0.40228791845887973,-0.07214110078257659,0.9126664737130974
1783095554451943556,53.290376615,0.02373490840294752,-0.9152054877376585,0.40228791845887973,-4.750953575101197,0.9973773129940373,-0.005844407811939201,-0.07214110078257659,-0.8003715801234581,0.0683750659809394,0.40294510558164415,0.9126664737130974,1.703015150561555,0.0,0.0,0.0,1.0,0.40228791845887973,-0.07214110078257659,0.9126664737130974
1783095554461750886,53.300183945,0.02373490840294752,-0.9152054877376585,0.40228791845887973,-4.750953575101197,0.9973773129940373,-0.005844407811939201,-0.07214110078257659,-0.8003715801234581,0.0683750659809394,0.40294510558164415,0.9126664737130974,1.703015150561555,0.0,0.0,0.0,1.0,0.40228791845887973,-0.07214110078257659,0.9126664737130974
1783095554471688432,53.310121491,0.02373490840294752,-0.9152054877376585,0.40228791845887973,-4.750953575101197,0.9973773129940373,-0.005844407811939201,-0.07214110078257659,-0.8003715801234581,0.0683750659809394,0.40294510558164415,0.9126664737130974,1.703015150561555,0.0,0.0,0.0,1.0,0.40228791845887973,-0.07214110078257659,0.9126664737130974
1783095554481405637,53.319838696,0.02442875644773096,-0.9150968341267024,0.4024935030900549,-4.7510072326899335,0.9972514377900401,-0.005864119325932749,-0.07385920342265319,-0.7999231553343982,0.06994859315322277,0.40319151314954266,0.9124383804071742,1.703074682914401,0.0,0.0,0.0,1.0,0.4024935030900549,-0.07385920342265319,0.9124383804071742
1783095554491508723,53.329941782,0.02442875644773096,-0.9150968341267024,0.4024935030900549,-4.7510072326899335,0.9972514377900401,-0.005864119325932749,-0.07385920342265319,-0.7999231553343982,0.06994859315322277,0.40319151314954266,0.9124383804071742,1.703074682914401,0.0,0.0,0.0,1.0,0.4024935030900549,-0.07385920342265319,0.9124383804071742
